SYMBOL_AIM,SYMBOL_USDA,BINOMIAL_NAT,BINOMIAL_ACK,GROWTHHABIT,GROWTHHABITSUB,DURATION,NATIVITY,INVASIVE,PHOTOSYNTHETIC,RESPROUT,FUNCTIONAL
ACRE3,ACRE3,Acroptilon repens,Acroptilon repens,NONWOODY,FORB,PERENNIAL,NA,TRUE,NA,NA,NoxPerenForbCover 
TARA,TACH,Tamarix chinensis,Tamarix chinensis,WOODY,SHRUB,PERENNIAL,NA,TRUE,NA,NA,NoxShrubCover 
TACH2,TACH,Tamarix chinensis,Tamarix chinensis,WOODY,SHRUB,PERENNIAL,NA,TRUE,NA,NA,NoxShrubCover 
BASC5,BASC5,Bassia scoparia,Kochia scoparia,NONWOODY,FORB,ANNUAL,NA,TRUE,NA,NA,NoxAnnForbCover 
PEPA8,PEPA8,Penstemon palmeri,Penstemon palmeri,NONWOODY,FORB,PERENNIAL,NA,FALSE,NA,NA,NonNoxPerenForbCover 
KOAM,BAAM4,Bassia americana,Kochia americana,WOODY,SUBSHRUB,PERENNIAL,NA,FALSE,NA,NA,NonNoxSubShrubCover 
SYRO,SYRO,Symphoricarpos rotundifolius,Symphoricarpos rotundifolius,WOODY,SHRUB,PERENNIAL,NA,FALSE,NA,RESPROUT,NonNoxShrubCover 
PERA4,PERA4,Peraphyllum ramosissimum,Peraphyllum ramosissimum,WOODY,SHRUB,PERENNIAL,NA,FALSE,NA,NON-RESPROUT,NonNoxShrubCover 
EREA,EREAE,Erigeron eatonii var. eatonii,Erigeron eatonii var. eatonii,NONWOODY,FORB,PERENNIAL,NA,FALSE,NA,NA,NonNoxPerenForbCover 
PECO5,PECO5,Penstemon comarrhenus,Penstemon comarrhenus,NONWOODY,FORB,PERENNIAL,NA,FALSE,NA,NA,NonNoxPerenForbCover 
TAOF,TAOF,Taraxacum officinale,Taraxacum officinale,NONWOODY,FORB,PERENNIAL,NA,TRUE,NA,NA,NoxPerenForbCover 
THEL,THEL,Thelypodiopsis elegans,Thelypodiopsis elegans,NONWOODY,FORB,ANNUAL,NA,FALSE,NA,NA,NonNoxAnnForbCover 
PHLO2,PHLO2,Phlox longifolia,Phlox longifolia,NONWOODY,FORB,PERENNIAL,NA,FALSE,NA,NA,NonNoxPerenForbCover 
LUAR3,LUAR3,Lupinus argenteus,Lupinus argenteus,NONWOODY,FORB,PERENNIAL,NA,FALSE,NA,NA,NonNoxPerenForbCover 
HEFO9,HEVIF,Heterotheca villosa var. foliosa,Heterotheca foliosa,NONWOODY,FORB,PERENNIAL,NA,FALSE,NA,NA,NonNoxPerenForbCover 
ASAM5,ASAMV,Astragalus amphioxys var. vespertinus,Astragalus amphioxys var. vespertinus,NONWOODY,FORB,PERENNIAL,NA,FALSE,NA,NA,NonNoxPerenForbCover 
LECI4,LECI4,Leymus cinereus,Leymus cinereus,NONWOODY,GRAMINOID,PERENNIAL,NA,FALSE,C3,NA,NonNoxPerenGrassCover 
ACLE9,ACLE9,Achnatherum lettermanii,Achnatherum lettermanii,NONWOODY,GRAMINOID,PERENNIAL,NA,FALSE,C3,NA,NonNoxPerenGrassCover 
THIN,THIN,Thelypodium integrifolium,Thelypodium integrifolium,NONWOODY,FORB,ANNUAL,NA,FALSE,NA,NA,NonNoxAnnForbCover 
COUM,COUMP,Comandra umbellata ssp. pallida,Comandra umbellata ssp. pallida,NONWOODY,FORB,PERENNIAL,NA,FALSE,NA,NA,NonNoxPerenForbCover 
COUMP,COUMP,Comandra umbellata ssp. pallida,Comandra umbellata ssp. pallida,NONWOODY,FORB,PERENNIAL,NA,FALSE,NA,NA,NonNoxPerenForbCover 
PECY4,PECY4,Penstemon cyanocaulis,Penstemon cyanocaulis,NONWOODY,FORB,PERENNIAL,NA,FALSE,NA,NA,NonNoxPerenForbCover 
LALA3,LALAA,Lathyrus lanszwertii,Lathyrus lanszwertii,NONWOODY,FORB,PERENNIAL,NA,FALSE,NA,NA,NonNoxPerenForbCover 
ERSP4,ERSP4,Erigeron speciosus,Erigeron speciosus,NONWOODY,FORB,PERENNIAL,NA,FALSE,NA,NA,NonNoxPerenForbCover 
CRAC2,CRAC2,Crepis acuminata,Crepis acuminata,NONWOODY,FORB,PERENNIAL,NA,FALSE,NA,NA,NonNoxPerenForbCover 
ASMO7,ASMO7,Astragalus mollissimus,Astragalus mollissimus,NONWOODY,FORB,PERENNIAL,NA,FALSE,NA,NA,NonNoxPerenForbCover 
YUBA2,YUBA,Yucca baccata,Yucca baccata var. baccata,WOODY,SHRUB,PERENNIAL,NA,FALSE,NA,NA,NonNoxShrubCover 
ARCO9,ARCO9,Arnica cordifolia,Arnica cordifolia,NONWOODY,FORB,PERENNIAL,NA,FALSE,NA,NA,NonNoxPerenForbCover 
VACE,VACE,Vaccinium cespitosum,Vaccinium cespitosum,WOODY,SHRUB,PERENNIAL,NA,FALSE,NA,NA,NonNoxShrubCover 
ABLA,ABLA,Abies lasiocarpa,Abies bifolia,WOODY,TREE,PERENNIAL,NA,FALSE,NA,NA,NonNoxTreeCover 
PERA,PERAA,Pedicularis racemosa ssp. alba,Pedicularis racemosa ssp. alba,NONWOODY,FORB,PERENNIAL,NA,FALSE,NA,NA,NonNoxPerenForbCover 
KOMA,KOMA,Koeleria macrantha,Koeleria macrantha,NONWOODY,GRAMINOID,PERENNIAL,NA,FALSE,C3,NA,NonNoxPerenGrassCover 
GABI,GABI,Galium bifolium,Galium bifolium,NONWOODY,FORB,ANNUAL,NA,FALSE,NA,NA,NonNoxAnnForbCover 
GOOB2,GOOB2,Goodyera oblongifolia,Goodyera oblongifolia,NONWOODY,FORB,PERENNIAL,NA,FALSE,NA,NA,NonNoxPerenForbCover 
LEPE2,LEPE2,Lepidium perfoliatum,Lepidium perfoliatum,NONWOODY,FORB,ANNUAL,NA,TRUE,NA,NA,NoxAnnForbCover 
COVI9,ESVIV,Escobaria vivipara var. vivipara,Coryphantha vivipara,WOODY,SUCCULENT,PERENNIAL,NA,FALSE,NA,NA,NonNoxSucculentCover 
ORLO,CRLO6,Cryptantha longiflora,Oreocarya longiflora,NONWOODY,FORB,PERENNIAL,NA,FALSE,NA,NA,NonNoxPerenForbCover 
DRAU,DRAU,Draba aurea,Draba aurea,NONWOODY,FORB,PERENNIAL,NA,FALSE,NA,NA,NonNoxPerenForbCover 
SONE,SONEL,Solidago nemoralis var. longipetiolata,Solidago nemoralis var. decemflora,NONWOODY,FORB,PERENNIAL,NA,FALSE,NA,NA,NonNoxPerenForbCover 
BRAN,BRPO2,Bromus porteri,Bromus porteri,NONWOODY,GRAMINOID,PERENNIAL,NA,FALSE,C3,NA,NonNoxPerenGrassCover 
ALTE,ALTE,Allium textile,Allium textile,NONWOODY,FORB,PERENNIAL,NA,FALSE,NA,NA,NonNoxPerenForbCover 
COPA3,COPA3,Collinsia parviflora,Collinsia parviflora,NONWOODY,FORB,ANNUAL,NA,FALSE,NA,NA,NonNoxAnnForbCover 
PEEA,PEEA,Penstemon eatonii,Penstemon eatonii,NONWOODY,FORB,PERENNIAL,NA,FALSE,NA,NA,NonNoxPerenForbCover 
BOFE,ARFE,Arabis fendleri,Boechera fendleri,NONWOODY,FORB,PERENNIAL,NA,FALSE,NA,NA,NonNoxPerenForbCover 
PSSP,PSSP,NA,NA,NONWOODY,FORB,PERENNIAL,NA,FALSE,NA,NA,NonNoxPerenForbCover 
BRRA2,BRRA2,Bromus racemosus,Bromus commutatus,NONWOODY,GRAMINOID,ANNUAL,NA,TRUE,C3,NA,NoxAnnGrassCover 
BRRA2,BRRA2,Bromus racemosus,Bromus commutatus,NONWOODY,GRAMINOID,ANNUAL,NA,FALSE,C3,NA,NonNoxAnnGrassCover 
HEMU3,HEMU3,Heliomeris multiflora,Heliomeris multiflora,NONWOODY,FORB,PERENNIAL,NA,FALSE,NA,NA,NonNoxPerenForbCover 
ERMIS2,ERMIS2,Eriogonum microthecum var. simpsonii,Eriogonum microthecum var. simpsonii,WOODY,SHRUB,PERENNIAL,NA,FALSE,NA,NA,NonNoxShrubCover 
ERMI4,ERMI4,Eriogonum microthecum,Eriogonum microthecum,WOODY,SUBSHRUB,PERENNIAL,NA,FALSE,NA,RESPROUT,NonNoxSubShrubCover 
LUSE4,LUSES2,Lupinus sericeus ssp. sericeus,Lupinus sericeus var. sericeus,NONWOODY,FORB,PERENNIAL,NA,FALSE,NA,NA,NonNoxPerenForbCover 
ASPA14,ASPA14,Astragalus pattersonii,Astragalus pattersonii,NONWOODY,FORB,PERENNIAL,NA,FALSE,NA,NA,NonNoxPerenForbCover 
SIAL11,ALPE4,Alliaria petiolata,Alliaria petiolata,NONWOODY,FORB,ANNUAL,NA,TRUE,NA,NA,NoxAnnForbCover 
LIPO,LIPO,Ligusticum porteri,Ligusticum porteri,NONWOODY,FORB,PERENNIAL,NA,FALSE,NA,NA,NonNoxPerenForbCover 
BRMA4,BRCA5,Bromus carinatus,Bromus carinatus,NONWOODY,GRAMINOID,PERENNIAL,NA,FALSE,C3,NA,NonNoxPerenGrassCover 
CODI4,CODI4,Commelina dianthifolia,Commelina dianthifolia,NONWOODY,FORB,PERENNIAL,NA,FALSE,NA,NA,NonNoxPerenForbCover 
GABO2,GABO2,Galium boreale,Galium boreale,NONWOODY,FORB,PERENNIAL,NA,FALSE,NA,NA,NonNoxPerenForbCover 
THFE,THFE,Thalictrum fendleri,Thalictrum fendleri,NONWOODY,FORB,PERENNIAL,NA,FALSE,NA,NA,NonNoxPerenForbCover 
HEMUM,HEMUM,Heliomeris multiflora var. multiflora,Heliomeris multiflora var. multiflora,NONWOODY,FORB,PERENNIAL,NA,FALSE,NA,RESPROUT,NonNoxPerenForbCover 
ACNE9,ACNEN2,Achnatherum nelsonii,Achnatherum nelsonii,NONWOODY,GRAMINOID,PERENNIAL,NA,FALSE,C3,NA,NonNoxPerenGrassCover 
POTR5,POTR5,Populus tremuloides,Populus tremuloides,WOODY,TREE,PERENNIAL,NA,FALSE,NA,NA,NonNoxTreeCover 
AQCO,AQCO,Aquilegia coerulea,Aquilegia coerulea,NONWOODY,FORB,PERENNIAL,NA,FALSE,NA,NA,NonNoxPerenForbCover 
CYOF,CYOF,Cynoglossum officinale,Cynoglossum officinale,NONWOODY,FORB,PERENNIAL,NA,TRUE,NA,NA,NoxPerenForbCover 
GERI,GERI,Geranium richardsonii,Geranium richardsonii,NONWOODY,FORB,PERENNIAL,NA,FALSE,NA,NA,NonNoxPerenForbCover 
PEPR7,PEPR7,Pedicularis procera,Pedicularis procera,NONWOODY,FORB,PERENNIAL,NA,FALSE,NA,NA,NonNoxPerenForbCover 
MOFI,MOFIM2,Monarda fistulosa ssp. fistulosa var. menthifolia,Monarda fistulosa var. menthifolia,NONWOODY,FORB,PERENNIAL,NA,FALSE,NA,NA,NonNoxPerenForbCover 
LUPOP5,LUPR2,Lupinus prunophilus,Lupinus polyphyllus var. prunophilus,NONWOODY,FORB,PERENNIAL,NA,FALSE,NA,NA,NonNoxPerenForbCover 
AGRU,AGRU,NA,NA,NONWOODY,FORB,PERENNIAL,NA,FALSE,NA,NA,NonNoxPerenForbCover 
PHPR3,PHPR3,Phleum pratense,Phleum pratense,NONWOODY,GRAMINOID,PERENNIAL,NA,TRUE,C3,NA,NoxPerenGrassCover 
KRLA,KRLA,Krameria lanceolata,Krameria lanceolata,NONWOODY,FORB,PERENNIAL,NA,FALSE,NA,NA,NonNoxPerenForbCover 
ERLO4,ERLO4,Eriogonum lonchophyllum,Eriogonum lonchophyllum,WOODY,SUBSHRUB,PERENNIAL,NA,FALSE,NA,NA,NonNoxSubShrubCover 
ERVI22,CHVIV2,Chrysothamnus viscidiflorus ssp. viscidiflorus,Chrysothamnus viscidiflorus var. viscidiflorus,WOODY,SHRUB,PERENNIAL,NA,FALSE,NA,NA,NonNoxShrubCover 
ELCA4,ELCA4,Elymus canadensis,Elymus canadensis,NONWOODY,GRAMINOID,PERENNIAL,NA,FALSE,C3,NA,NonNoxPerenGrassCover 
ERJA,ERJAJ,Eriogonum jamesii var. jamesii,Eriogonum jamesii var. jamesii,NONWOODY,FORB,PERENNIAL,NA,FALSE,NA,NA,NonNoxPerenForbCover 
LASQ,LASQ,Lappula squarrosa,Lappula squarrosa,NONWOODY,FORB,ANNUAL,NA,FALSE,NA,NA,NonNoxAnnForbCover 
CHFR3,CHFR3,Chenopodium fremontii,Chenopodium fremontii,NONWOODY,FORB,ANNUAL,NA,FALSE,NA,NA,NonNoxAnnForbCover 
CYFE,CYACF,Cymopterus acaulis var. fendleri,Cymopterus fendleri,NONWOODY,FORB,PERENNIAL,NA,FALSE,NA,NA,NonNoxPerenForbCover 
GIOP,GIOP,Gilia ophthalmoides,Gilia ophthalmoides,NONWOODY,FORB,ANNUAL,NA,FALSE,NA,NA,NonNoxAnnForbCover 
MEAL6,MEAL6,Mentzelia albicaulis,Mentzelia albicaulis,NONWOODY,FORB,ANNUAL,NA,FALSE,NA,NA,NonNoxAnnForbCover 
BRJA,BRAR5,Bromus arvensis,Bromus japonicus,NONWOODY,GRAMINOID,ANNUAL,NA,TRUE,NA,NA,NoxAnnGrassCover 
RATE,CETE5,Ceratocephala testiculata,Ranunculus testiculatus,NONWOODY,FORB,ANNUAL,NA,FALSE,NA,NA,NonNoxAnnForbCover 
FEAR2,FEAR2,Festuca arizonica,Festuca arizonica,NONWOODY,GRAMINOID,PERENNIAL,NA,FALSE,C3,NA,NonNoxPerenGrassCover 
CHRU,CHRU,Chenopodium rubrum,Chenopodium rubrum,NONWOODY,FORB,ANNUAL,NA,FALSE,NA,NA,NonNoxAnnForbCover 
CYMO,CYMO,Cymopterus montanus,Cymopterus montanus,NONWOODY,FORB,PERENNIAL,NA,FALSE,NA,NA,NonNoxPerenForbCover 
CHTE2,CHTE2,Chorispora tenella,Chorispora tenella,NONWOODY,FORB,ANNUAL,NA,TRUE,NA,NA,NoxAnnForbCover 
COAR4,COAR4,Convolvulus arvensis,Convolvulus arvensis,NONWOODY,FORB,PERENNIAL,NA,TRUE,NA,NA,NoxPerenForbCover 
HEBO,HEBO,Hedysarum boreale,Hedysarum boreale,NONWOODY,FORB,PERENNIAL,NA,FALSE,NA,NA,NonNoxPerenForbCover 
CHST,CHST,Chaenactis stevioides,Chaenactis stevioides,NONWOODY,FORB,ANNUAL,NA,FALSE,NA,NA,NonNoxAnnForbCover 
ASTE5,ASTE5,Astragalus tenellus,Astragalus tenellus,NONWOODY,FORB,PERENNIAL,NA,FALSE,NA,NA,NonNoxPerenForbCover 
HECOC8,HECO26,Hesperostipa comata ssp. Comata,Hesperostipa comata,NONWOODY,GRAMINOID,PERENNIAL,NA,FALSE,C3,NA,NonNoxPerenGrassCover 
HECO26,HECO26,Hesperostipa comata,Hesperostipa comata,NONWOODY,GRAMINOID,PERENNIAL,NA,FALSE,C3,NA,NonNoxPerenGrassCover 
LAOCC,LAOCC,Lappula occidentalis var. cupulata,Lappula occidentalis var. cupulata,NONWOODY,FORB,ANNUAL,NA,FALSE,NA,NA,NonNoxAnnForbCover 
ERFO3,ERFO3,Erigeron formosissimus,Erigeron formosissimus,NONWOODY,FORB,PERENNIAL,NA,FALSE,NA,NA,NonNoxPerenForbCover 
PUST,PUST,Purshia stansburiana,Purshia stansburiana,WOODY,SHRUB,PERENNIAL,NA,FALSE,NA,NON-RESPROUT,NonNoxShrubCover 
SUNI,SUMO,Suaeda moquinii,Suaeda nigra,WOODY,SUBSHRUB,PERENNIAL,NA,FALSE,NA,NA,NonNoxSubShrubCover 
AGSC5,AGSC5,Agrostis scabra,Agrostis scabra,NONWOODY,GRAMINOID,PERENNIAL,NA,FALSE,C3,NA,NonNoxPerenGrassCover 
CHNA2,ERNA10,Ericameria nauseosa,Ericameria nauseosa,WOODY,SHRUB,PERENNIAL,NA,FALSE,NA,NA,NonNoxShrubCover 
CHCA4,CHCA4,Chenopodium capitatum,Chenopodium capitatum,NONWOODY,FORB,ANNUAL,NA,FALSE,NA,NA,NonNoxAnnForbCover 
ARSP5,PIDE4,Picrothamnus desertorum,Artemisia spinescens,WOODY,SHRUB,PERENNIAL,NA,FALSE,NA,NA,NonNoxShrubCover 
CHAT,CHAT,Chenopodium atrovirens,Chenopodium atrovirens,NONWOODY,FORB,ANNUAL,NA,FALSE,NA,NA,NonNoxAnnForbCover 
SIIR,SIIR,NA,NA,NONWOODY,FORB,ANNUAL,NA,TRUE,NA,NA,NoxAnnForbCover 
COOR,COOR,Conringia orientalis,Conringia orientalis,NONWOODY,FORB,ANNUAL,NA,FALSE,NA,NA,NonNoxAnnForbCover 
ERCO15,ERCO15,Erigeron consimilis,Erigeron consimilis,NONWOODY,FORB,PERENNIAL,NA,FALSE,NA,NA,NonNoxPerenForbCover 
METH,MEHUH,Mentzelia humilis var. humilis,Mentzelia thompsonii,NONWOODY,FORB,ANNUAL,NA,FALSE,NA,NA,NonNoxAnnForbCover 
ZIVE,ZIVEG,Zigadenus venenosus var. gramineus,Zigadenus paniculatus var. gramineus,NONWOODY,FORB,PERENNIAL,NA,FALSE,NA,NA,NonNoxPerenForbCover 
COCA5,COCA5,Conyza canadensis,Conyza canadensis,NONWOODY,FORB,ANNUAL,NA,FALSE,NA,NA,NonNoxAnnForbCover 
SYCI2,SYCI2,Symphyotrichum ciliatum,Symphyotrichum ciliatum,NONWOODY,FORB,ANNUAL,NA,FALSE,NA,NA,NonNoxAnnForbCover 
PODO4,PODO4,Polygonum douglasii,Polygonum douglasii,NONWOODY,FORB,ANNUAL,NA,FALSE,NA,NA,NonNoxAnnForbCover 
ALAC,ALAC4,Allium acuminatum,Allium acuminatum,NONWOODY,FORB,PERENNIAL,NA,FALSE,NA,NA,NonNoxPerenForbCover 
LOGRG2,LOGRG2,Lomatium grayi var. grayi,Lomatium grayi var. grayi,NONWOODY,FORB,PERENNIAL,NA,FALSE,NA,NA,NonNoxPerenForbCover 
SILI5,SCLI,Schoenocrambe linifolia,Sisymbrium linifolium,NONWOODY,FORB,PERENNIAL,NA,FALSE,NA,NA,NonNoxPerenForbCover 
PEWA,PEWA,Penstemon watsonii,Penstemon watsonii,NONWOODY,FORB,PERENNIAL,NA,FALSE,NA,NA,NonNoxPerenForbCover 
TETO,TETO,Tetraneuris torreyana,Tetraneuris torreyana,NONWOODY,FORB,PERENNIAL,NA,FALSE,NA,NA,NonNoxPerenForbCover 
TRRE3,TRRE3,Trifolium repens,Trifolium repens,NONWOODY,FORB,PERENNIAL,NA,TRUE,NA,NA,NoxPerenForbCover 
PHBE2,PHBE2,Physaria bellii,Physaria bellii,NONWOODY,FORB,PERENNIAL,NA,FALSE,NA,NA,NonNoxPerenForbCover 
ASAS2,ASAS2,Astragalus asclepiadoides,Astragalus asclepiadoides,NONWOODY,FORB,PERENNIAL,NA,FALSE,NA,NA,NonNoxPerenForbCover 
NASI2,NASI2,Navarretia sinistra,Navarretia sinistra,NONWOODY,FORB,ANNUAL,NA,FALSE,NA,NA,NonNoxAnnForbCover 
ASTH2,ASMOT,Astragalus mollissimus var. thompsoniae,Astragalus thompsoniae,NONWOODY,FORB,PERENNIAL,NA,FALSE,NA,NA,NonNoxPerenForbCover 
COWR2,COWR2,Cordylanthus wrightii,Cordylanthus wrightii,NONWOODY,FORB,ANNUAL,NA,FALSE,NA,NA,NonNoxAnnForbCover 
PASM,PASM,Pascopyrum smithii,Pascopyrum smithii,NONWOODY,GRAMINOID,PERENNIAL,NA,FALSE,C3,NA,NonNoxPerenGrassCover 
BERE,MARE11,Mahonia repens,Berberis repens,WOODY,SHRUB,PERENNIAL,NA,FALSE,NA,NA,NonNoxShrubCover 
MAFR3,MAFR3,Mahonia fremontii,Berberis fremontii,WOODY,SHRUB,PERENNIAL,NA,FALSE,NA,NA,NonNoxShrubCover 
BEFE,BEFE,Berberis fendleri,Berberis fendleri,WOODY,SHRUB,PERENNIAL,NA,FALSE,NA,RESPROUT,NonNoxShrubCover 
THSA2,THSAS,Thelypodium sagittatum ssp. sagittatum,Thelypodium sagittatum ssp. sagittatum,NONWOODY,FORB,PERENNIAL,NA,FALSE,NA,NA,NonNoxPerenForbCover 
ARCA12,ARCA12,Artemisia campestris,Artemisia campestris,NONWOODY,FORB,PERENNIAL,NA,FALSE,NA,NA,NonNoxPerenForbCover 
CANUM2,CANUM2,NA,NA,NONWOODY,FORB,ANNUAL,NA,FALSE,NA,NA,NonNoxAnnForbCover 
CYLE6,PSMO,Pseudocymopterus montanus,Cymopterus lemmonii,NONWOODY,FORB,PERENNIAL,NA,FALSE,NA,NA,NonNoxPerenForbCover 
HEPA,HEPA,Helianthella parryi,Helianthella parryi,NONWOODY,FORB,PERENNIAL,NA,FALSE,NA,NA,NonNoxPerenForbCover 
XASP,XASP2,Xanthium spinosum,Xanthium spinosum,NONWOODY,FORB,PERENNIAL,NA,FALSE,NA,NA,NonNoxPerenForbCover 
COLI2,COLI2,Collomia linearis,Collomia linearis,NONWOODY,FORB,ANNUAL,NA,FALSE,NA,NA,NonNoxAnnForbCover 
ERPA30,ERPA30,Ericameria parryi,Ericameria parryi,WOODY,SHRUB,PERENNIAL,NA,FALSE,NA,RESPROUT,NonNoxShrubCover 
ASLI5,ASLI5,Astragalus linifolius,Astragalus linifolius,NONWOODY,FORB,PERENNIAL,NA,FALSE,NA,NA,NonNoxPerenForbCover 
DRPA2,DRPA2,Dracocephalum parviflorum,Dracocephalum parviflorum,NONWOODY,FORB,ANNUAL,NA,FALSE,NA,NA,NonNoxAnnForbCover 
WYAM,WYAM,Wyethia amplexicaulis,Wyethia amplexicaulis,NONWOODY,FORB,PERENNIAL,NA,FALSE,NA,NA,NonNoxPerenForbCover 
ORSE,ORSE,Orthilia secunda,Orthilia secunda,WOODY,SUBSHRUB,PERENNIAL,NA,FALSE,NA,NA,NonNoxSubShrubCover 
EREX4,EREX4,Erigeron eximius,Erigeron eximius,NONWOODY,FORB,PERENNIAL,NA,FALSE,NA,NA,NonNoxPerenForbCover 
BRCI2,BRCI2,Bromus ciliatus,Bromus ciliatus,NONWOODY,GRAMINOID,PERENNIAL,NA,FALSE,C3,NA,NonNoxPerenGrassCover 
SEAMH,SEAMH,Senecio amplectens var. holmii,Senecio amplectens var. holmii,NONWOODY,FORB,PERENNIAL,NA,FALSE,NA,NA,NonNoxPerenForbCover 
EPBR3,EPBR3,Epilobium brachycarpum,Epilobium brachycarpum,NONWOODY,FORB,ANNUAL,NA,FALSE,NA,NA,NonNoxAnnForbCover 
VIAM,VIAM,Vicia americana,Vicia americana,NONWOODY,FORB,PERENNIAL,NA,FALSE,NA,NA,NonNoxPerenForbCover 
SOCA6,SOCA6,Solidago canadensis,Solidago canadensis,NONWOODY,FORB,PERENNIAL,NA,FALSE,NA,NA,NonNoxPerenForbCover 
ERSP,ERSP,Eragrostis spectabilis,Eragrostis spectabilis,NONWOODY,GRAMINOID,PERENNIAL,NA,FALSE,C4,NA,NonNoxPerenGrassCover 
POAR8,POAR8,Potentilla argentea,Potentilla argentea,NONWOODY,FORB,PERENNIAL,NA,TRUE,NA,NA,NoxPerenForbCover 
LUCA,LUCA,Lupinus caudatus,Lupinus caudatus,NONWOODY,FORB,PERENNIAL,NA,FALSE,NA,NA,NonNoxPerenForbCover 
CAGE,CAGE,Carex geophila,Carex geophila,NONWOODY,SEDGE,PERENNIAL,NA,FALSE,NA,NA,NonNoxPerenSedgeCover 
POAV,POAV,Polygonum aviculare,Polygonum aviculare,NONWOODY,FORB,ANNUAL,NA,TRUE,NA,NA,NoxAnnForbCover 
ALGE,ALGE,Allium geyeri,Allium geyeri,NONWOODY,FORB,PERENNIAL,NA,FALSE,NA,NA,NonNoxPerenForbCover 
GYEL,GYEL,Gypsophila elegans,Gypsophila elegans,NONWOODY,FORB,ANNUAL,NA,TRUE,NA,NA,NoxAnnForbCover 
CACH42,CACH42,Cardaria chalepensis,Lepidium chalapensis,WOODY,SHRUB,PERENNIAL,NA,TRUE,NA,NA,NoxShrubCover 
LILE3,LILE3,Linum lewisii,Linum lewisii,NONWOODY,FORB,PERENNIAL,NA,FALSE,NA,NA,NonNoxPerenForbCover 
SOSI3,SOSIS,Solidago simplex ssp. simplex,Solidago simplex var. simplex,NONWOODY,FORB,PERENNIAL,NA,FALSE,NA,NA,NonNoxPerenForbCover 
GAMUC,GACO2,Galium coloradoense,Galium multiflorum var. coloradoense,NONWOODY,FORB,PERENNIAL,NA,FALSE,NA,NA,NonNoxPerenForbCover 
DIBI8,MABIB,Machaeranthera bigelovii var. bigelovii,Dieteria bigelovii var. bigelovii,NONWOODY,FORB,PERENNIAL,NA,FALSE,NA,NA,NonNoxPerenForbCover 
CRMI5,CRMI5,Cryptantha minima,Cryptantha minima,NONWOODY,FORB,ANNUAL,NA,FALSE,NA,NA,NonNoxAnnForbCover 
FOME,GLSPM,Glossopetalon spinescens var. meionandrum,Forsellesia meionandra,WOODY,SHRUB,PERENNIAL,NA,FALSE,NA,NA,NonNoxShrubCover 
CADO2,CADO2,Carex douglasii,Carex douglasii,NONWOODY,SEDGE,PERENNIAL,NA,FALSE,NA,NA,NonNoxPerenSedgeCover 
MAST4,MAST4,Maianthemum stellatum,Maianthemum stellatum,NONWOODY,FORB,PERENNIAL,NA,FALSE,NA,NA,NonNoxPerenForbCover 
ELGL,ELGLG,Elymus glaucus ssp. glaucus,Elymus glaucus ssp. glaucus,NONWOODY,GRAMINOID,PERENNIAL,NA,FALSE,C3,NA,NonNoxPerenGrassCover 
AQEL,AQEL,Aquilegia elegantula,Aquilegia elegantula,NONWOODY,FORB,PERENNIAL,NA,FALSE,NA,NA,NonNoxPerenForbCover 
FRVI,FRVI,Fragaria virginiana,Fragaria virginiana,NONWOODY,FORB,PERENNIAL,NA,FALSE,NA,NA,NonNoxPerenForbCover 
ORPA3,ORPA3,Oreochrysum parryi,Oreochrysum parryi,NONWOODY,FORB,PERENNIAL,NA,FALSE,NA,NA,NonNoxPerenForbCover 
ACRU2,ACRU2,Actaea rubra,Actaea rubra,NONWOODY,FORB,PERENNIAL,NA,FALSE,NA,NA,NonNoxPerenForbCover 
SETR,SETR,Senecio triangularis,Senecio triangularis,NONWOODY,FORB,PERENNIAL,NA,FALSE,NA,NA,NonNoxPerenForbCover 
MARAR,MARAA,Maianthemum racemosum ssp. amplexicaule,Maianthemum racemosum ssp. amplexicaule,NONWOODY,FORB,PERENNIAL,NA,FALSE,NA,NA,NonNoxPerenForbCover 
ROBL,BROBL,Brickellia oblongifolia var. linifolia,Brickellia oblongifolia var. linifolia,WOODY,SUBSHRUB,PERENNIAL,NA,FALSE,NA,NA,NonNoxSubShrubCover 
OSDE,OSDE,Osmorhiza depauperata,Osmorhiza depauperata,NONWOODY,FORB,PERENNIAL,NA,FALSE,NA,NA,NonNoxPerenForbCover 
ASFL2,ASFL2,Astragalus flexuosus,Astragalus flexuosus,NONWOODY,FORB,PERENNIAL,NA,FALSE,NA,NA,NonNoxPerenForbCover 
SPCOC,SPCO,Sphaeralcea coccinea,Sphaeralcea coccinea,NONWOODY,FORB,PERENNIAL,NA,FALSE,NA,NA,NonNoxPerenForbCover 
LEKI2,LEKI2,Leucopoa kingii,Leucopoa kingii,NONWOODY,GRAMINOID,PERENNIAL,NA,FALSE,C3,NA,NonNoxPerenGrassCover 
FETH,FETH,Festuca thurberi,Festuca thurberi,NONWOODY,GRAMINOID,PERENNIAL,NA,FALSE,C3,NA,NonNoxPerenGrassCover 
CARO2,CARO2,Campanula rotundifolia,Campanula rotundifolia,NONWOODY,FORB,PERENNIAL,NA,FALSE,NA,NA,NonNoxPerenForbCover 
THLA4,THLA4,Thelypodium laxiflorum,Thelypodium laxiflorum,NONWOODY,FORB,PERENNIAL,NA,FALSE,NA,NA,NonNoxPerenForbCover 
DICA18,MACA2,Machaeranthera canescens,Dieteria canescens,NONWOODY,FORB,PERENNIAL,NA,FALSE,NA,NA,NonNoxPerenForbCover 
THIN6,THIN6,Thinopyrum intermedium,Thinopyrum intermedium,NONWOODY,GRAMINOID,PERENNIAL,NA,TRUE,C3,NA,NoxPerenGrassCover 
DEPIB,DEPIB,Descurainia pinnata ssp. brachycarpa,Descurainia pinnata ssp. brachycarpa,NONWOODY,FORB,ANNUAL,NA,FALSE,NA,NA,NonNoxAnnForbCover 
MIGR,MIGR,Microsteris gracilis,Microsteris gracilis,NONWOODY,FORB,ANNUAL,NA,FALSE,NA,NA,NonNoxAnnForbCover 
PLINO,PLINO,Platyschkuhria integrifolia var. oblongifolia,Platyschkuhria integrifolia var. oblongifolia,NONWOODY,FORB,PERENNIAL,NA,FALSE,NA,NA,NonNoxPerenForbCover 
ANRO3,ANRO3,Antennaria rosulata,Antennaria rosulata,NONWOODY,FORB,PERENNIAL,NA,FALSE,NA,NA,NonNoxPerenForbCover 
HELIA,HELIA,NA,NA,NONWOODY,FORB,PERENNIAL,NA,FALSE,NA,NA,NonNoxPerenForbCover 
ELLA3,ELLA3,Elymus lanceolatus,Elymus lanceolatus,NONWOODY,GRAMINOID,PERENNIAL,NA,FALSE,C3,NA,NonNoxPerenGrassCover 
NIAT,NIAT,Nicotiana attenuata,Nicotiana attenuata,NONWOODY,FORB,ANNUAL,NA,FALSE,NA,NA,NonNoxAnnForbCover 
LUKI,LUKI,Lupinus kingii,Lupinus kingii,NONWOODY,FORB,ANNUAL,NA,FALSE,NA,NA,NonNoxAnnForbCover 
POTR,POTR,Poa tracyi,Poa tracyi,NONWOODY,GRAMINOID,PERENNIAL,NA,FALSE,C3,NA,NonNoxPerenGrassCover 
VAMY2,VAMY2,Vaccinium myrtillus,Vaccinium myrtillus,WOODY,SHRUB,PERENNIAL,NA,FALSE,NA,NA,NonNoxShrubCover 
PLIND,PLIND,Platyschkuhria integrifolia var. desertorum,Platyschkuhria integrifolia var. desertorum,NONWOODY,FORB,PERENNIAL,NA,FALSE,NA,NA,NonNoxPerenForbCover 
TRSP2,TRSP2,Trisetum spicatum,Trisetum spicatum,NONWOODY,GRAMINOID,PERENNIAL,NA,FALSE,C3,NA,NonNoxPerenGrassCover 
POAN3,POAN3,Populus angustifolia,Populus angustifolia,WOODY,TREE,PERENNIAL,NA,FALSE,NA,NA,NonNoxTreeCover 
TORY,TORY,Toxicodendron rydbergii,Toxicodendron rydbergii,WOODY,SHRUB,PERENNIAL,NA,FALSE,NA,RESPROUT,NonNoxShrubCover 
STPIP,STPIP,Stanleya pinnata var. pinnata,Stanleya pinnata var. pinnata,WOODY,SUBSHRUB,PERENNIAL,NA,FALSE,NA,NA,NonNoxSubShrubCover 
GRSQS2,GRSQS2,Grindelia squarrosa var. squarrosa,Grindelia squarrosa var. squarrosa,NONWOODY,FORB,ANNUAL,NA,FALSE,NA,NA,NonNoxAnnForbCover 
TACH2,TACH2,NA,NA,WOODY,SHRUB,PERENNIAL,NA,FALSE,NA,NA,NonNoxShrubCover 
ASCH4,ASCHC2,Astragalus chamaeleuce var. chamaeleuce,Astragalus chamaeleuce var. chamaeleuce,NONWOODY,FORB,PERENNIAL,NA,FALSE,NA,NA,NonNoxPerenForbCover 
CELE3,CELE3,Cercocarpus ledifolius,Cercocarpus ledifolius,WOODY,SHRUB,PERENNIAL,NA,FALSE,NA,NON-RESPROUT,NonNoxShrubCover 
OPFRF,OPFR,Opuntia fragilis,Opuntia fragilis,WOODY,SUCCULENT,PERENNIAL,NA,FALSE,NA,NA,NonNoxSucculentCover 
GATR2,GATRS2,Galium trifidum ssp. subbiflorum,Galium trifidum ssp. subbiflorum,NONWOODY,FORB,PERENNIAL,NA,FALSE,NA,NA,NonNoxPerenForbCover 
ZIEL2,ZIEL2,Zigadenus elegans,Zigadenus elegans,NONWOODY,FORB,PERENNIAL,NA,FALSE,NA,NA,NonNoxPerenForbCover 
ZIELE,ZIEL2,Zigadenus elegans,Zigadenus elegans,NONWOODY,FORB,PERENNIAL,NA,FALSE,NA,NA,NonNoxPerenForbCover 
ERFL,ERFL,Erigeron flagellaris,Erigeron flagellaris,NONWOODY,FORB,PERENNIAL,NA,FALSE,NA,NA,NonNoxPerenForbCover 
PHCRC,PHCRC,Phacelia crenulata var. corrugata,Phacelia crenulata var. corrugata,NONWOODY,FORB,ANNUAL,NA,FALSE,NA,NA,NonNoxAnnForbCover 
AF00,AF00,NA,NA,NONWOODY,FORB,ANNUAL,NA,FALSE,NA,NA,NonNoxAnnForbCover 
PG00,PG00,NA,NA,NONWOODY,GRAMINOID,PERENNIAL,NA,FALSE,NA,NA,NonNoxPerenGrassCover 
PUPA5,PUPAM,Pulsatilla patens ssp. multifida,Anemone patens var. multifida,NONWOODY,FORB,PERENNIAL,NA,FALSE,NA,NA,NonNoxPerenForbCover 
SELA,SELA,Sedum lanceolatum,Sedum lanceolatum,NONWOODY,FORB,PERENNIAL,NA,FALSE,NA,NA,NonNoxPerenForbCover 
LUBR2,LUBR2,Lupinus brevicaulis,Lupinus brevicaulis,NONWOODY,FORB,ANNUAL,NA,FALSE,NA,NA,NonNoxAnnForbCover 
CRFL5,CRFL5,Cryptantha flava,Oreocarya flava,NONWOODY,FORB,PERENNIAL,NA,FALSE,NA,NA,NonNoxPerenForbCover 
AF03,AF03,NA,NA,NONWOODY,FORB,ANNUAL,NA,FALSE,NA,NA,NonNoxAnnForbCover 
MIMUG,MIMUG,Mirabilis multiflora var. glandulosa,Mirabilis multiflora var. glandulosa,NONWOODY,FORB,PERENNIAL,NA,FALSE,NA,NA,NonNoxPerenForbCover 
CHSC,CHSC,Chamaechaenactis scaposa,Chamaechaenactis scaposa,NONWOODY,FORB,PERENNIAL,NA,FALSE,NA,NA,NonNoxPerenForbCover 
HOJU,HOJU,Hordeum jubatum,Hordeum jubatum,NONWOODY,GRAMINOID,ANNUAL,NA,FALSE,C3,NA,NonNoxAnnGrassCover 
ANPA4,ANPA4,Antennaria parvifolia,Antennaria parvifolia,NONWOODY,FORB,PERENNIAL,NA,FALSE,NA,NA,NonNoxPerenForbCover 
STAM2,STAM2,Streptopus amplexifolius,Streptopus amplexifolius,NONWOODY,FORB,PERENNIAL,NA,FALSE,NA,NA,NonNoxPerenForbCover 
ERCA14,ERCA14,Erysimum capitatum,Erysimum capitatum,NONWOODY,FORB,PERENNIAL,NA,FALSE,NA,NA,NonNoxPerenForbCover 
ERCO24,ARCOC4,Arenaria congesta var. congesta,Eremogone congesta var. congesta,NONWOODY,FORB,PERENNIAL,NA,FALSE,NA,NA,NonNoxPerenForbCover 
AF04,AF04,NA,NA,NONWOODY,FORB,ANNUAL,NA,FALSE,NA,NA,NonNoxAnnForbCover 
PAST10,PAST10,Packera streptanthifolia,Packera streptanthifolia,NONWOODY,FORB,PERENNIAL,NA,FALSE,NA,NA,NonNoxPerenForbCover 
PF70,PF70,NA,NA,NONWOODY,FORB,PERENNIAL,NA,FALSE,NA,NA,NonNoxPerenForbCover 
CHAN9,CHAN9,Chamerion angustifolium,Chamerion angustifolium,NONWOODY,FORB,PERENNIAL,NA,FALSE,NA,NA,NonNoxPerenForbCover 
PYCH,PYCH,Pyrola chlorantha,Pyrola chlorantha,WOODY,SUBSHRUB,PERENNIAL,NA,FALSE,NA,NA,NonNoxSubShrubCover 
LOIN5,LOIN5,Lonicera involucrata,Lonicera involucrata,WOODY,SHRUB,PERENNIAL,NA,FALSE,NA,RESPROUT,NonNoxShrubCover 
OSBE,OSBE,Osmorhiza berteroi,Osmorhiza berteroi,NONWOODY,FORB,PERENNIAL,NA,FALSE,NA,NA,NonNoxPerenForbCover 
SEBI2,SEBIH,Senecio bigelovii var. hallii,Senecio bigelovii var. hallii,NONWOODY,FORB,PERENNIAL,NA,FALSE,NA,NA,NonNoxPerenForbCover 
TOGL4,TOGL4,Townsendia glabella,Townsendia glabella,NONWOODY,FORB,PERENNIAL,NA,FALSE,NA,NA,NonNoxPerenForbCover 
ALPA14,ALPA14,Almutaster pauciflorus,Almutaster pauciflorus,NONWOODY,FORB,PERENNIAL,NA,FALSE,NA,NA,NonNoxPerenForbCover 
MATA2,MATA2,Machaeranthera tanacetifolia,Machaeranthera tanacetifolia,NONWOODY,FORB,ANNUAL,NA,FALSE,NA,NA,NonNoxAnnForbCover 
PEBR9,PEBR9,Penstemon breviculus,Penstemon breviculus,NONWOODY,FORB,PERENNIAL,NA,FALSE,NA,NA,NonNoxPerenForbCover 
SH02,SH02,NA,NA,WOODY,SHRUB,PERENNIAL,NA,FALSE,NA,NA,NonNoxShrubCover 
SH03,SH03,NA,NA,WOODY,SHRUB,PERENNIAL,NA,FALSE,NA,NA,NonNoxShrubCover 
IPCO5,IPCO5,Ipomopsis congesta,Ipomopsis congesta,NONWOODY,FORB,PERENNIAL,NA,FALSE,NA,NA,NonNoxPerenForbCover 
RICE,RICE,Ribes cereum,Ribes cereum,WOODY,SHRUB,PERENNIAL,NA,FALSE,NA,NON-RESPROUT,NonNoxShrubCover 
BOST4,BOST4,NA,NA,NONWOODY,FORB,PERENNIAL,NA,FALSE,NA,NA,NonNoxPerenForbCover 
ANSE4,ANSE4,Androsace septentrionalis,Androsace septentrionalis,NONWOODY,FORB,ANNUAL,NA,FALSE,NA,NA,NonNoxAnnForbCover 
PG04,PG04,NA,NA,NONWOODY,GRAMINOID,PERENNIAL,NA,FALSE,NA,NA,NonNoxPerenGrassCover 
ERRO2,ERCE2,Eriogonum cernuum,Eriogonum cernuum,NONWOODY,FORB,ANNUAL,NA,FALSE,NA,NA,NonNoxAnnForbCover 
ERCO4,ERCO4,Erigeron compositus,Erigeron compositus,NONWOODY,FORB,PERENNIAL,NA,FALSE,NA,NA,NonNoxPerenForbCover 
HEPA11,HEPA11,Heuchera parvifolia,Heuchera parvifolia,NONWOODY,FORB,PERENNIAL,NA,FALSE,NA,NA,NonNoxPerenForbCover 
ARHI,ARHIP,Arabis hirsuta var. pycnocarpa,Arabis pycnocarpa var. pycnocarpa,NONWOODY,FORB,PERENNIAL,NA,FALSE,NA,NA,NonNoxPerenForbCover 
ERGR9,ERGRG3,Erythronium grandiflorum ssp. grandiflorum,Erythronium grandiflorum ssp. grandiflorum,NONWOODY,FORB,PERENNIAL,NA,FALSE,NA,NA,NonNoxPerenForbCover 
ZIPA2,ZIPA2,Zigadenus paniculatus,Zigadenus paniculatus,NONWOODY,FORB,PERENNIAL,NA,FALSE,NA,NA,NonNoxPerenForbCover 
PG02,PG02,NA,NA,NONWOODY,GRAMINOID,PERENNIAL,NA,FALSE,NA,NA,NonNoxPerenGrassCover 
PG03,PG03,NA,NA,NONWOODY,GRAMINOID,PERENNIAL,NA,FALSE,NA,NA,NonNoxPerenGrassCover 
OECAM4,OECAM4,Oenothera caespitosa ssp. marginata,Oenothera cespitosa ssp. marginata,NONWOODY,FORB,PERENNIAL,NA,FALSE,NA,NA,NonNoxPerenForbCover 
CEIN7,CEIN7,Cercocarpus intricatus,Cercocarpus intricatus,WOODY,SHRUB,PERENNIAL,NA,FALSE,NA,NON-RESPROUT,NonNoxShrubCover 
ASASC,ASASA,Asclepias asperula ssp. asperula,Asclepias asperula ssp. asperula,NONWOODY,FORB,PERENNIAL,NA,FALSE,NA,NA,NonNoxPerenForbCover 
CRCRE,CRCRE,Cryptantha crassisepala var. elachantha,Cryptantha crassisepala var. elachantha,NONWOODY,FORB,ANNUAL,NA,FALSE,NA,NA,NonNoxAnnForbCover 
IPCOC3,IPCOC3,Ipomopsis congesta ssp. congesta,Ipomopsis congesta ssp. congesta,NONWOODY,FORB,PERENNIAL,NA,FALSE,NA,NA,NonNoxPerenForbCover 
SH01,SH01,NA,NA,WOODY,SHRUB,PERENNIAL,NA,FALSE,NA,NA,NonNoxShrubCover 
TOEX2,TOEX2,Townsendia exscapa,Townsendia exscapa,NONWOODY,FORB,PERENNIAL,NA,FALSE,NA,NA,NonNoxPerenForbCover 
RUHY,RUHY,Rumex hymenosepalus,Rumex hymenosepalus,NONWOODY,FORB,PERENNIAL,NA,FALSE,NA,NA,NonNoxPerenForbCover 
ASCI4,ASCI4,Astragalus cicer,Astragalus cicer,NONWOODY,FORB,PERENNIAL,NA,TRUE,NA,NA,NoxPerenForbCover 
BASA3,BASA3,Balsamorhiza sagittata,Balsamorhiza sagittata,NONWOODY,FORB,PERENNIAL,NA,FALSE,NA,NA,NonNoxPerenForbCover 
AF05,AF05,NA,NA,NONWOODY,FORB,ANNUAL,NA,FALSE,NA,NA,NonNoxAnnForbCover 
POBU,POBU,Poa bulbosa,Poa bulbosa,NONWOODY,GRAMINOID,PERENNIAL,NA,TRUE,C3,NA,NoxPerenGrassCover 
PACA15,PACA15,Packera cana,Packera cana,NONWOODY,FORB,PERENNIAL,NA,FALSE,NA,NA,NonNoxPerenForbCover 
LIIN2,LIIN2,Lithospermum incisum,Lithospermum incisum,NONWOODY,FORB,PERENNIAL,NA,FALSE,NA,NA,NonNoxPerenForbCover 
AG00,AG00,NA,NA,NONWOODY,GRAMINOID,ANNUAL,NA,FALSE,NA,NA,NonNoxAnnGrassCover 
ERAR25,ERJAF,Eriogonum jamesii var. flavescens,Eriogonum arcuatum,NONWOODY,FORB,PERENNIAL,NA,FALSE,NA,NA,NonNoxPerenForbCover 
PADI11,PACR5,Packera crocata,Packera crocata,NONWOODY,FORB,PERENNIAL,NA,FALSE,NA,NA,NonNoxPerenForbCover 
CISC2,CISC2,Cirsium scariosum,Cirsium scariosum,NONWOODY,FORB,PERENNIAL,NA,FALSE,NA,NA,NonNoxPerenForbCover 
VETH,VETH,Verbascum thapsus,Verbascum thapsus,NONWOODY,FORB,ANNUAL,NA,TRUE,NA,NA,NoxAnnForbCover 
DAGL,DAGL,Dactylis glomerata,Dactylis glomerata,NONWOODY,GRAMINOID,PERENNIAL,NA,TRUE,C3,NA,NoxPerenGrassCover 
RULA3,RULAA,Rudbeckia laciniata var. ampla,Rudbeckia laciniata var. ampla,NONWOODY,FORB,PERENNIAL,NA,FALSE,NA,NA,NonNoxPerenForbCover 
LITE2,LITE2,Ligusticum tenuifolium,Ligusticum tenuifolium,NONWOODY,FORB,PERENNIAL,NA,FALSE,NA,NA,NonNoxPerenForbCover 
MELU,MELU,Medicago lupulina,Medicago lupulina,NONWOODY,FORB,PERENNIAL,NA,TRUE,NA,NA,NoxPerenForbCover 
WYAR,WYAR,Wyethia arizonica,Wyethia arizonica,NONWOODY,FORB,PERENNIAL,NA,FALSE,NA,NA,NonNoxPerenForbCover 
SAOF4,SAOF4,Saponaria officinalis,Saponaria officinalis,NONWOODY,FORB,PERENNIAL,NA,TRUE,NA,NA,NoxPerenForbCover 
PLMA2,PLMA2,Plantago major,Plantago major,NONWOODY,FORB,PERENNIAL,NA,TRUE,NA,NA,NoxPerenForbCover 
LUARR2,LUARR,Lupinus argenteus var. rubricaulis,Lupinus argenteus var. rubricaulis,NONWOODY,FORB,PERENNIAL,NA,FALSE,NA,NA,NonNoxPerenForbCover 
SOVE6,SOVE6,Solidago velutina,Solidago velutina ssp. sparsiflora,NONWOODY,FORB,PERENNIAL,NA,FALSE,NA,NA,NonNoxPerenForbCover 
SALA5,SALUL,Salix lucida ssp. lasiandra,Salix lasiandra,WOODY,SHRUB,PERENNIAL,NA,FALSE,NA,NA,NonNoxShrubCover 
SH04,SH04,NA,NA,WOODY,SHRUB,PERENNIAL,NA,FALSE,NA,NA,NonNoxShrubCover 
SH05,SH05,NA,NA,WOODY,SHRUB,PERENNIAL,NA,FALSE,NA,NA,NonNoxShrubCover 
AF02,AF02,NA,NA,NONWOODY,FORB,ANNUAL,NA,FALSE,NA,NA,NonNoxAnnForbCover 
SEIN2,SEIN2,Senecio integerrimus,Senecio integerrimus,NONWOODY,FORB,PERENNIAL,NA,FALSE,NA,NA,NonNoxPerenForbCover 
PG01,PG01,NA,NA,NONWOODY,GRAMINOID,PERENNIAL,NA,FALSE,NA,NA,NonNoxPerenGrassCover 
AF01,AF01,NA,NA,NONWOODY,FORB,ANNUAL,NA,FALSE,NA,NA,NonNoxAnnForbCover 
PG06000,PG06000,NA,NA,NONWOODY,GRAMINOID,PERENNIAL,NA,FALSE,NA,NA,NonNoxPerenGrassCover 
DRCUC,DRCU,Draba cuneifolia,Draba cuneifolia,NONWOODY,FORB,ANNUAL,NA,FALSE,NA,NA,NonNoxAnnForbCover 
DENU2,DENU2,Delphinium nuttallianum,Delphinium nuttallianum,NONWOODY,FORB,PERENNIAL,NA,FALSE,NA,NA,NonNoxPerenForbCover 
EROVC2,EROVP2,Eriogonum ovalifolium var. purpureum,Eriogonum ovalifolium var. purpureum,NONWOODY,FORB,PERENNIAL,NA,FALSE,NA,NA,NonNoxPerenForbCover 
CRWA2,CRWA2,Cryptantha watsonii,Cryptantha watsonii,NONWOODY,FORB,ANNUAL,NA,FALSE,NA,NA,NonNoxAnnForbCover 
OEAL,OEAL,Oenothera albicaulis,Oenothera albicaulis,NONWOODY,FORB,ANNUAL,NA,FALSE,NA,NA,NonNoxAnnForbCover 
ORBA4,CRBA4,Cryptantha bakeri,Oreocarya bakeri,NONWOODY,FORB,PERENNIAL,NA,FALSE,NA,NA,NonNoxPerenForbCover 
ABEL,ABEL,Abronia elliptica,Abronia elliptica,NONWOODY,FORB,PERENNIAL,NA,FALSE,NA,NA,NonNoxPerenForbCover 
AF06000,AF06000,NA,NA,NONWOODY,FORB,ANNUAL,NA,FALSE,NA,NA,NonNoxAnnForbCover 
ARARA,ARARA,Artemisia arbuscula ssp. arbuscula,Artemisia arbuscula ssp. arbuscula,WOODY,SHRUB,PERENNIAL,NA,FALSE,NA,NON-RESPROUT,NonNoxShrubCover 
BOAR,BOBA2,Bouteloua barbata,Bouteloua barbata,NONWOODY,GRAMINOID,ANNUAL,NA,FALSE,C4,NA,NonNoxAnnGrassCover 
AF06006,AF06006,NA,NA,NONWOODY,FORB,ANNUAL,NA,FALSE,NA,NA,NonNoxAnnForbCover 
LATA,LATAP,Lactuca tatarica var. pulchella,Lactuca tatarica var. pulchella,NONWOODY,FORB,PERENNIAL,NA,FALSE,NA,NA,NonNoxPerenForbCover 
PF06007,PF06007,NA,NA,NONWOODY,FORB,PERENNIAL,NA,FALSE,NA,NA,NonNoxPerenForbCover 
MILI3,MILI3,Mirabilis linearis,Mirabilis lanceolata,NONWOODY,FORB,PERENNIAL,NA,FALSE,NA,RESPROUT,NonNoxPerenForbCover 
MASO,MASO,Malacothrix sonchoides,Malacothrix sonchoides,NONWOODY,FORB,ANNUAL,NA,FALSE,NA,NA,NonNoxAnnForbCover 
PEDIO,PESI,Pediocactus simpsonii,Pediocactus simpsonii,WOODY,SUCCULENT,PERENNIAL,NA,FALSE,NA,NA,NonNoxSucculentCover 
CHALA,CHALA,Chenopodium album var. album,Chenopodium album var. album,NONWOODY,FORB,ANNUAL,NA,FALSE,NA,NA,NonNoxAnnForbCover 
EREL9,EREL9,Erigeron elatior,Erigeron elatior,NONWOODY,FORB,PERENNIAL,NA,FALSE,NA,NA,NonNoxPerenForbCover 
COAU2,COAU2,Corydalis aurea,Corydalis aurea,NONWOODY,FORB,ANNUAL,NA,FALSE,NA,NA,NonNoxAnnForbCover 
ERCA2,ERCA2,Erigeron caespitosus,Erigeron caespitosus,NONWOODY,FORB,PERENNIAL,NA,FALSE,NA,NA,NonNoxPerenForbCover 
CINE,CINE,Cirsium neomexicanum,Cirsium neomexicanum,NONWOODY,FORB,PERENNIAL,NA,FALSE,NA,NA,NonNoxPerenForbCover 
ECCOC,ECTR,Echinocereus triglochidiatus,Echinocereus triglochidiatus,WOODY,SUCCULENT,PERENNIAL,NA,FALSE,NA,NA,NonNoxSucculentCover 
PLLA,PLLA,Plantago lanceolata,Plantago lanceolata,NONWOODY,FORB,PERENNIAL,NA,TRUE,NA,NA,NoxPerenForbCover 
CRGR3,CRGR3,Cryptantha gracilis,Cryptantha gracilis,NONWOODY,FORB,ANNUAL,NA,FALSE,NA,NA,NonNoxAnnForbCover 
THAU3,THAU3,Thelypodiopsis aurea,Thelypodiopsis aurea,NONWOODY,FORB,PERENNIAL,NA,FALSE,NA,NA,NonNoxPerenForbCover 
EUBR,EUBR,Euphorbia brachycera,Euphorbia brachycera,NONWOODY,FORB,PERENNIAL,NA,FALSE,NA,NA,NonNoxPerenForbCover 
AF06007,AF06007,NA,NA,NONWOODY,FORB,ANNUAL,NA,FALSE,NA,NA,NonNoxAnnForbCover 
AGPA14,AGGLL,Agoseris glauca var. laciniata,Agoseris parviflora,NONWOODY,FORB,PERENNIAL,NA,FALSE,NA,NA,NonNoxPerenForbCover 
CICL,CICL,Cirsium clavatum,Cirsium clavatum,NONWOODY,FORB,PERENNIAL,NA,FALSE,NA,NA,NonNoxPerenForbCover 
QUGAG,QUGA,Quercus gambelii,Quercus gambelii,WOODY,SHRUB,PERENNIAL,NA,FALSE,NA,NA,NonNoxShrubCover 
AMUTU,AMUT,Amelanchier utahensis,Amelanchier alnifolia var. utahensis,WOODY,SHRUB,PERENNIAL,NA,FALSE,NA,NA,NonNoxShrubCover 
YUHAH,YUHA,Yucca harrimaniae,Yucca harrimaniae,WOODY,SUCCULENT,PERENNIAL,NA,FALSE,NA,NA,NonNoxSucculentCover 
POPRP2,POPR,Poa pratensis,Poa pratensis,NONWOODY,GRAMINOID,PERENNIAL,NA,TRUE,C3,NA,NoxPerenGrassCover 
AGAU2,AGAU2,Agoseris aurantiaca,Agoseris aurantiaca,NONWOODY,FORB,PERENNIAL,NA,FALSE,NA,NA,NonNoxPerenForbCover 
AF06016,AF06016,NA,NA,NONWOODY,FORB,ANNUAL,NA,FALSE,NA,NA,NonNoxAnnForbCover 
AGHE2,AGHEH,Agoseris heterophylla var. heterophylla,Agoseris heterophylla var. heterophylla,NONWOODY,FORB,ANNUAL,NA,FALSE,NA,NA,NonNoxAnnForbCover 
PECR5,PECR5,Penstemon crandallii,Penstemon crandallii,WOODY,SUBSHRUB,PERENNIAL,NA,FALSE,NA,NA,NonNoxSubShrubCover 
IPLO2,IPLO2,Ipomopsis longiflora,Ipomopsis longiflora,NONWOODY,FORB,ANNUAL,NA,FALSE,NA,NA,NonNoxAnnForbCover 
THRH,THRH,Thermopsis rhombifolia,Thermopsis rhombifolia,NONWOODY,FORB,PERENNIAL,NA,FALSE,NA,NA,NonNoxPerenForbCover 
AF06012,AF06012,NA,NA,NONWOODY,FORB,ANNUAL,NA,FALSE,NA,NA,NonNoxAnnForbCover 
MIAL5,MIAL5,Mirabilis alipes,Mirabilis alipes,NONWOODY,FORB,PERENNIAL,NA,FALSE,NA,NA,NonNoxPerenForbCover 
ORFA,ORFA,Orobanche fasciculata,Orobanche fasciculata,NONWOODY,FORB,ANNUAL,NA,FALSE,NA,NA,NonNoxAnnForbCover 
AREAE,AREAE,Arenaria eastwoodiae var. eastwoodiae,Eremogone eastwoodiae var. eastwoodiae,NONWOODY,FORB,PERENNIAL,NA,FALSE,NA,NA,NonNoxPerenForbCover 
LEALE,LEALE,Lepidium alyssoides var. eastwoodiae,Lepidium eastwoodiae,NONWOODY,FORB,PERENNIAL,NA,FALSE,NA,NA,NonNoxPerenForbCover 
CASCS3,CASC18,Camissonia scapoidea,Chylismia scapoidea ssp. scapoidea,NONWOODY,FORB,ANNUAL,NA,FALSE,NA,NA,NonNoxAnnForbCover 
LYGR,LYGR,Lygodesmia grandiflora,Lygodesmia grandiflora,NONWOODY,FORB,PERENNIAL,NA,FALSE,NA,NA,NonNoxPerenForbCover 
SORO,SORO,Solanum rostratum,Solanum rostratum,NONWOODY,FORB,ANNUAL,NA,FALSE,NA,NA,NonNoxAnnForbCover 
PIPOS,PIPOS,Pinus ponderosa var. scopulorum,Pinus ponderosa var. scopulorum,WOODY,TREE,PERENNIAL,NA,FALSE,NA,NA,NonNoxTreeCover 
HEDR,HEDR,Hedeoma drummondii,Hedeoma drummondii,NONWOODY,FORB,PERENNIAL,NA,FALSE,NA,NA,NonNoxPerenForbCover 
ARPUP,ARPUP,Arabis pulchra var. pallens,Boechera formosa,NONWOODY,FORB,PERENNIAL,NA,FALSE,NA,NA,NonNoxPerenForbCover 
POSA19,POSA19,Polypodium saximontanum,Polypodium saximontanum,NONWOODY,FORB,PERENNIAL,NA,FALSE,NA,NA,NonNoxPerenForbCover 
AF06025,AF06025,NA,NA,NONWOODY,FORB,ANNUAL,NA,FALSE,NA,NA,NonNoxAnnForbCover 
ASNU4,ASNUM2,Astragalus nuttallianus var. micranthiformis,Astragalus nuttallianus var. micranthiformis,NONWOODY,FORB,ANNUAL,NA,FALSE,NA,NA,NonNoxAnnForbCover 
PEME7,PEME7,Pediomelum megalanthum,Pediomelum megalanthum,NONWOODY,FORB,PERENNIAL,NA,FALSE,NA,NA,NonNoxPerenForbCover 
TEGR3,TEGR3,Tetraneuris grandiflora,Hymenoxys grandiflora,NONWOODY,FORB,PERENNIAL,NA,FALSE,NA,NA,NonNoxPerenForbCover 
SETA,SETA,Senecio taraxacoides,Senecio taraxacoides,NONWOODY,FORB,PERENNIAL,NA,FALSE,NA,NA,NonNoxPerenForbCover 
PEAN4,PEAN4,Penstemon angustifolius,Penstemon angustifolius,NONWOODY,FORB,PERENNIAL,NA,FALSE,NA,NA,NonNoxPerenForbCover 
CRIN4,CRIN4,Crepis intermedia,Crepis intermedia,NONWOODY,FORB,PERENNIAL,NA,FALSE,NA,NA,NonNoxPerenForbCover 
MANE,MANE,Malva neglecta,Malva neglecta,NONWOODY,FORB,ANNUAL,NA,TRUE,NA,NA,NoxAnnForbCover 
JUAR2,JUARL,Juncus arcticus ssp. littoralis,Juncus arcticus var. balticus,NONWOODY,GRAMINOID,PERENNIAL,NA,FALSE,NA,NA,NonNoxPerenGrassCover 
RUCR,RUCR,Rumex crispus,Rumex crispus,NONWOODY,FORB,PERENNIAL,NA,TRUE,NA,NA,NoxPerenForbCover 
CITR4,CIUNT,Cirsium undulatum var. tracyi,Cirsium tracyi,NONWOODY,FORB,PERENNIAL,NA,FALSE,NA,NA,NonNoxPerenForbCover 
PERY,PERY,Penstemon rydbergii,Penstemon rydbergii,NONWOODY,FORB,PERENNIAL,NA,FALSE,NA,NA,NonNoxPerenForbCover 
ORLU2,ORLU2,Orthocarpus luteus,Orthocarpus luteus,NONWOODY,FORB,ANNUAL,NA,FALSE,NA,NA,NonNoxAnnForbCover 
GEMA4,GEMAP,Geum macrophyllum var. perincisum,Geum macrophyllum var. perincisum,NONWOODY,FORB,PERENNIAL,NA,FALSE,NA,NA,NonNoxPerenForbCover 
POGR9,POGR9,Potentilla gracilis,Potentilla gracilis,NONWOODY,FORB,PERENNIAL,NA,FALSE,NA,NA,NonNoxPerenForbCover 
POPA2,POPA2,Poa palustris,Poa palustris,NONWOODY,GRAMINOID,PERENNIAL,NA,FALSE,C3,NA,NonNoxPerenGrassCover 
STPII,STPII,Stanleya pinnata var. integrifolia,Stanleya pinnata var. integrifolia,NONWOODY,FORB,PERENNIAL,NA,FALSE,NA,NA,NonNoxPerenForbCover 
AF06039,AF06039,NA,NA,NONWOODY,FORB,ANNUAL,NA,FALSE,NA,NA,NonNoxAnnForbCover 
SYCAC,SYCAC,Symphyotrichum campestre var. campestre,Symphyotrichum campestre,NONWOODY,FORB,PERENNIAL,NA,FALSE,NA,NA,NonNoxPerenForbCover 
HEMUN,HEMUN,Heliomeris multiflora var. nevadensis,Heliomeris multiflora var. nevadensis,NONWOODY,FORB,PERENNIAL,NA,FALSE,NA,NA,NonNoxPerenForbCover 
HEPU3,HEPU3,Helianthus pumilus,Helianthus pumilus,NONWOODY,FORB,PERENNIAL,NA,FALSE,NA,NA,NonNoxPerenForbCover 
OSOC,OSOC,Osmorhiza occidentalis,Osmorhiza occidentalis,NONWOODY,FORB,PERENNIAL,NA,FALSE,NA,NA,NonNoxPerenForbCover 
SEWO,SEWO,Senecio wootonii,Senecio wootonii,NONWOODY,FORB,PERENNIAL,NA,FALSE,NA,NA,NonNoxPerenForbCover 
PHYSA2,PHYSA2,NA,NA,NONWOODY,FORB,PERENNIAL,NA,FALSE,NA,NA,NonNoxPerenForbCover 
AF06037,AF06037,NA,NA,NONWOODY,FORB,ANNUAL,NA,FALSE,NA,NA,NonNoxAnnForbCover 
SH06000,SH06000,NA,NA,WOODY,SHRUB,PERENNIAL,NA,FALSE,NA,NA,NonNoxShrubCover 
ENNU,ENNU,Enceliopsis nudicaulis,Enceliopsis nudicaulis,NONWOODY,FORB,PERENNIAL,NA,FALSE,NA,NA,NonNoxPerenForbCover 
GAPIP2,GAPI,Gaillardia pinnatifida,Gaillardia pinnatifida,NONWOODY,FORB,PERENNIAL,NA,FALSE,NA,NA,NonNoxPerenForbCover 
AF06048,AF06048,NA,NA,NONWOODY,FORB,ANNUAL,NA,FALSE,NA,NA,NonNoxAnnForbCover 
COSC2,COSC2,Conioselinum scopulorum,Conioselinum scopulorum,NONWOODY,FORB,PERENNIAL,NA,FALSE,NA,NA,NonNoxPerenForbCover 
VIAMA3,VIAMA3,Vicia americana ssp. americana,Vicia americana ssp. americana,NONWOODY,FORB,PERENNIAL,NA,FALSE,NA,NA,NonNoxPerenForbCover 
SAMO2,SAMO2,Salix monticola,Salix monticola,WOODY,SHRUB,PERENNIAL,NA,FALSE,NA,NA,NonNoxShrubCover 
ENNU4,ENNU4,Encelia nutans,Encelia nutans,NONWOODY,FORB,PERENNIAL,NA,FALSE,NA,NA,NonNoxPerenForbCover 
LESAS,LESAS,Leymus salinus ssp. salinus,Leymus salina ssp. salina,NONWOODY,GRAMINOID,PERENNIAL,NA,FALSE,C3,NA,NonNoxPerenGrassCover 
ORMI,ORMI,NA,NA,NONWOODY,FORB,PERENNIAL,NA,FALSE,NA,NA,NonNoxPerenForbCover 
AF06050,AF06050,NA,NA,NONWOODY,FORB,ANNUAL,NA,FALSE,NA,NA,NonNoxAnnForbCover 
IRMI,IRMI,Iris missouriensis,Iris missouriensis,NONWOODY,FORB,PERENNIAL,NA,FALSE,NA,NA,NonNoxPerenForbCover 
RIIN2,RIIN2,Ribes inerme,Ribes inerme,WOODY,SHRUB,PERENNIAL,NA,FALSE,NA,NA,NonNoxShrubCover 
NAVI4,NAVI4,Nassella viridula,Nassella viridula,NONWOODY,GRAMINOID,PERENNIAL,NA,FALSE,C3,NA,NonNoxPerenGrassCover 
ORHU2,CRHU2,Cryptantha humilis,Oreocarya humilis,NONWOODY,FORB,ANNUAL,NA,FALSE,NA,NA,NonNoxAnnForbCover 
CIVU,CIVU,Cirsium vulgare,Cirsium vulgare,NONWOODY,FORB,ANNUAL,NA,TRUE,NA,NA,NoxAnnForbCover 
MIOX,MIOX,Mirabilis oxybaphoides,Mirabilis oxybaphoides,NONWOODY,FORB,PERENNIAL,NA,FALSE,NA,NA,NonNoxPerenForbCover 
ASLE8,ASLE8,Astragalus lentiginosus,Astragalus lentiginosus,NONWOODY,FORB,ANNUAL,NA,FALSE,NA,NA,NonNoxAnnForbCover 
STAL2,STAL2,Stanleya albescens,Stanleya albescens,NONWOODY,FORB,PERENNIAL,NA,FALSE,NA,NA,NonNoxPerenForbCover 
PF06001,PF06001,NA,NA,NONWOODY,FORB,PERENNIAL,NA,FALSE,NA,NA,NonNoxPerenForbCover 
ORPU2,ORPU2,Orthocarpus purpureoalbus,Orthocarpus purpureoalbus,NONWOODY,FORB,ANNUAL,NA,FALSE,NA,NA,NonNoxAnnForbCover 
ERPU2,ERPU2,Erigeron pumilus,Erigeron pumilus,NONWOODY,FORB,PERENNIAL,NA,FALSE,NA,NA,NonNoxPerenForbCover 
BAHI2,BAHOH2,Balsamorhiza hookeri var. hispidula,Balsamorhiza hispidula,NONWOODY,FORB,PERENNIAL,NA,FALSE,NA,NA,NonNoxPerenForbCover 
ASMI10,ASMI10,Astragalus missouriensis,Astragalus missouriensis,NONWOODY,FORB,PERENNIAL,NA,FALSE,NA,NA,NonNoxPerenForbCover 
OXPA2,OXPA2,Oxytropis parryi,Oxytropis parryi,NONWOODY,FORB,PERENNIAL,NA,FALSE,NA,NA,NonNoxPerenForbCover 
PF06000,PF06000,NA,NA,NONWOODY,FORB,PERENNIAL,NA,FALSE,NA,NA,NonNoxPerenForbCover 
PODE3,PODE3,Populus deltoides,Populus deltoides,WOODY,TREE,PERENNIAL,NA,FALSE,NA,NA,NonNoxTreeCover 
SILI7,SCLI12,Schoenocrambe linearifolia,Hesperidanthus linearifolius,NONWOODY,FORB,PERENNIAL,NA,FALSE,NA,NA,NonNoxPerenForbCover 
ERINI4,ERIN4,Eriogonum inflatum,Eriogonum inflatum,NONWOODY,FORB,ANNUAL,NA,FALSE,NA,NA,NonNoxAnnForbCover 
CASCS4,CASCS4,Castilleja scabrida var. scabrida,Castilleja scabrida var. scabrida,NONWOODY,FORB,PERENNIAL,NA,FALSE,NA,NA,NonNoxPerenForbCover 
ASMO10,ASMOC2,Astragalus monumentalis var. cottamii,Astragalus monumentalis var. cottamii,NONWOODY,FORB,PERENNIAL,NA,FALSE,NA,NA,NonNoxPerenForbCover 
ARPA6,ARPA6,Arctostaphylos patula,Arctostaphylos patula,WOODY,SHRUB,PERENNIAL,NA,FALSE,NA,RESPROUT,NonNoxShrubCover 
DRSP,DRSP,Draba spectabilis,Draba spectabilis,NONWOODY,FORB,PERENNIAL,NA,FALSE,NA,NA,NonNoxPerenForbCover 
ERUT,ERUT,Erigeron utahensis,Erigeron utahensis,NONWOODY,FORB,PERENNIAL,NA,FALSE,NA,NA,NonNoxPerenForbCover 
ASCO8,ASCO8,Astragalus coltonii,Astragalus coltonii,NONWOODY,FORB,PERENNIAL,NA,FALSE,NA,NA,NonNoxPerenForbCover 
ASDE3,ASDE3,Astragalus desperatus,Astragalus desperatus,NONWOODY,FORB,PERENNIAL,NA,FALSE,NA,NA,NonNoxPerenForbCover 
SH06001,SH06001,NA,NA,WOODY,SHRUB,PERENNIAL,NA,FALSE,NA,NA,NonNoxShrubCover 
SEAT,SEAT,Senecio atratus,Senecio atratus,NONWOODY,FORB,PERENNIAL,NA,FALSE,NA,NA,NonNoxPerenForbCover 
ORAL,ORAL,Oreoxis alpina,Cymopterus alpinus,NONWOODY,FORB,PERENNIAL,NA,FALSE,NA,NA,NonNoxPerenForbCover 
CHER,CHERN,Chamaerhodos erecta ssp. nuttallii,Chamaerhodos erecta var. parviflora,NONWOODY,FORB,PERENNIAL,NA,FALSE,NA,NA,NonNoxPerenForbCover 
SHCA,SHCA,Shepherdia canadensis,Shepherdia canadensis,WOODY,SHRUB,PERENNIAL,NA,FALSE,NA,NA,NonNoxShrubCover 
SAMI15,SARAR3,Sambucus racemosa var. racemosa,Sambucus racemosa var. microbotrys,WOODY,SHRUB,PERENNIAL,NA,FALSE,NA,NA,NonNoxShrubCover 
COSE16,COSES,Cornus sericea ssp. sericea,Cornus sericea ssp. sericea,WOODY,SHRUB,PERENNIAL,NA,FALSE,NA,NA,NonNoxShrubCover 
CALE4,CALE4,Caltha leptosepala,Caltha leptosepala,NONWOODY,FORB,PERENNIAL,NA,FALSE,NA,NA,NonNoxPerenForbCover 
ACNE2,ACNE2,Acer negundo,Acer negundo,WOODY,TREE,PERENNIAL,NA,FALSE,NA,NA,NonNoxTreeCover 
PHRE3,ILRI,Iliamna rivularis,Iliamna rivularis,NONWOODY,FORB,PERENNIAL,NA,FALSE,NA,NA,NonNoxPerenForbCover 
FOPU2,FOPU2,Forestiera pubescens,Forestiera pubescens,WOODY,SHRUB,PERENNIAL,NA,FALSE,NA,RESPROUT,NonNoxShrubCover 
PSBA2,PSBA2,Psilostrophe bakeri,Psilostrophe bakeri,NONWOODY,FORB,PERENNIAL,NA,FALSE,NA,NA,NonNoxPerenForbCover 
STPA4,STPA4,Stephanomeria pauciflora,Stephanomeria pauciflora,NONWOODY,FORB,PERENNIAL,NA,FALSE,NA,NA,NonNoxPerenForbCover 
ASSU2,ASSU2,Asclepias subverticillata,Asclepias subverticillata,NONWOODY,FORB,PERENNIAL,NA,FALSE,NA,NA,NonNoxPerenForbCover 
CIUN,CIUN,Cirsium undulatum,Cirsium undulatum,NONWOODY,FORB,PERENNIAL,NA,FALSE,NA,NA,NonNoxPerenForbCover 
SCPA9,SCPA9,Sclerocactus parviflorus,Sclerocactus parviflorus,WOODY,SHRUB,PERENNIAL,NA,FALSE,NA,NA,NonNoxShrubCover 
ERIN7,ERIN7,Erysimum inconspicuum,Erysimum inconspicuum,NONWOODY,FORB,PERENNIAL,NA,FALSE,NA,NA,NonNoxPerenForbCover 
ERFL4,ERFLF,Eriogonum flavum var. flavum,Eriogonum flavum var. flavum,NONWOODY,FORB,PERENNIAL,NA,FALSE,NA,NA,NonNoxPerenForbCover 
ERDI13,ERCO14,Eriogonum corymbosum,Eriogonum corymbosum,WOODY,SUBSHRUB,PERENNIAL,NA,FALSE,NA,NA,NonNoxSubShrubCover 
POOL,POOL,Portulaca oleracea,Portulaca oleracea,NONWOODY,FORB,ANNUAL,NA,TRUE,NA,NA,NoxAnnForbCover 
GUMI,GUMI,Gutierrezia microcephala,Gutierrezia microcephala,WOODY,SUBSHRUB,PERENNIAL,NA,FALSE,NA,NON-RESPROUT,NonNoxSubShrubCover 
BRTEG,BRTE,Bromus tectorum,Bromus tectorum,NONWOODY,GRAMINOID,ANNUAL,NA,TRUE,C3,NA,NoxAnnGrassCover 
TYLA,TYLA,Typha latifolia,Typha latifolia,NONWOODY,GRAMINOID,PERENNIAL,NA,FALSE,C3,NA,NonNoxPerenGrassCover 
SOAR2,SOAR2,Sonchus arvensis,Sonchus arvensis,NONWOODY,FORB,PERENNIAL,NA,TRUE,NA,NA,NoxPerenForbCover 
SAGE2,SAGE2,Salix geyeriana,Salix geyeriana,WOODY,SHRUB,PERENNIAL,NA,FALSE,NA,NA,NonNoxShrubCover 
POAR3,POAR3,Poa arida,Poa arida,NONWOODY,GRAMINOID,PERENNIAL,NA,FALSE,C3,NA,NonNoxPerenGrassCover 
BRMI,BRMIS,Brickellia microphylla var. scabra,Brickellia microphylla var. scabra,WOODY,SHRUB,PERENNIAL,NA,FALSE,NA,NON-RESPROUT,NonNoxShrubCover 
BOER4,BOER4,Bouteloua eriopoda,Bouteloua eriopoda,NONWOODY,GRAMINOID,PERENNIAL,NA,FALSE,C4,NA,NonNoxPerenGrassCover 
ARPU2,ARPU2,NA,NA,NONWOODY,FORB,PERENNIAL,NA,FALSE,NA,NA,NonNoxPerenForbCover 
PAWE4,PAWE4,Packera werneriifolia,Packera werneriifolia,NONWOODY,FORB,PERENNIAL,NA,FALSE,NA,NA,NonNoxPerenForbCover 
PIMI7,PIMI7,Piptatherum micranthum,Piptatherum micranthum,NONWOODY,GRAMINOID,PERENNIAL,NA,FALSE,C3,NA,NonNoxPerenGrassCover 
AG06001,AG06001,NA,NA,NONWOODY,GRAMINOID,ANNUAL,NA,FALSE,NA,NA,NonNoxAnnGrassCover 
AMDI5,BADI,Bahia dissecta,Bahia dissecta,NONWOODY,FORB,PERENNIAL,NA,FALSE,NA,NA,NonNoxPerenForbCover 
SARA3,SARA3,NA,NA,NONWOODY,GRAMINOID,PERENNIAL,NA,FALSE,C4,NA,NonNoxPerenGrassCover 
AMRE,AMRE,Amaranthus retroflexus,Amaranthus retroflexus,NONWOODY,FORB,ANNUAL,NA,FALSE,NA,NA,NonNoxAnnForbCover 
LODI,LODIM,Lomatium dissectum var. multifidum,Lomatium dissectum var. eatonii,NONWOODY,FORB,PERENNIAL,NA,FALSE,NA,NA,NonNoxPerenForbCover 
BREU,BREU,Brickellia eupatorioides,Brickellia eupatorioides,NONWOODY,FORB,PERENNIAL,NA,FALSE,NA,NA,NonNoxPerenForbCover 
PHLEU,PHLEU,NA,NA,NONWOODY,GRAMINOID,PERENNIAL,NA,FALSE,C3,NA,NonNoxPerenGrassCover 
POPU9,POPU9,Potentilla pulcherrima,Potentilla pulcherrima,NONWOODY,FORB,PERENNIAL,NA,FALSE,NA,NA,NonNoxPerenForbCover 
POAR7,POAR7,Potentilla arguta,Potentilla arguta,NONWOODY,FORB,PERENNIAL,NA,FALSE,NA,NA,NonNoxPerenForbCover 
CLHI,CLHI,Clematis hirsutissima,Clematis hirsutissima,NONWOODY,FORB,PERENNIAL,NA,FALSE,NA,NA,NonNoxPerenForbCover 
CANE2,CANE2,Carex nebrascensis,Carex nebrascensis,NONWOODY,SEDGE,PERENNIAL,NA,FALSE,C3,NA,NonNoxPerenSedgeCover 
CEFE,CEFE,Ceanothus fendleri,Ceanothus fendleri,WOODY,SHRUB,PERENNIAL,NA,FALSE,NA,RESPROUT,NonNoxShrubCover 
ERMIL5,ERMIL2,Eriogonum microthecum var. laxiflorum,Eriogonum microthecum var. laxiflorum,WOODY,SUBSHRUB,PERENNIAL,NA,FALSE,NA,NA,NonNoxSubShrubCover 
ASPUP7,ASPUP7,Astragalus purshii var. purshii,Astragalus purshii var. purshii,NONWOODY,FORB,PERENNIAL,NA,FALSE,NA,NA,NonNoxPerenForbCover 
BRTE,BRTE,Bromus tectorum,Bromus tectorum,NONWOODY,GRAMINOID,ANNUAL,NA,TRUE,NA,NA,NoxAnnGrassCover 
LADE4,LAPOP,Lathyrus polymorphus ssp. polymorphus,Lathyrus polymorphus ssp. polymorphus,NA,FORB,PERENNIAL,NA,FALSE,NA,NA,NonNoxPerenForbCover 
PEPU7,PEPUP,Petradoria pumila ssp. pumila,Petradoria pumila ssp. pumila,NA,FORB,PERENNIAL,NA,FALSE,NA,NA,NonNoxPerenForbCover 
PEPUP,PEPUP,Petradoria pumila ssp. pumila,Petradoria pumila ssp. pumila,NA,FORB,PERENNIAL,NA,FALSE,NA,NA,NonNoxPerenForbCover 
GUSU2,GUSA2,Gutierrezia sarothrae,Gutierrezia sarothrae,NA,SHRUB,PERENNIAL,NA,FALSE,NA,NON-RESPROUT,NonNoxShrubCover 
DEPI,DEPIB,Descurainia pinnata ssp. brachycarpa,Descurainia pinnata ssp. brachycarpa,NA,FORB,ANNUAL,NA,FALSE,NA,NA,NonNoxAnnForbCover 
ATCAC,ATCA2,Atriplex canescens,Atriplex canescens,NA,SHRUB,PERENNIAL,NA,FALSE,NA,RESPROUT,NonNoxShrubCover 
ELTRT,ELTR7,Elymus trachycaulus,Elymus trachycaulus,NA,GRAMINOID,PERENNIAL,NA,FALSE,C3,NA,NonNoxPerenGrassCover 
AGCRC,AGCR,Agropyron cristatum,Agropyron cristatum,NA,GRAMINOID,PERENNIAL,NA,FALSE,C3,NA,NonNoxPerenGrassCover 
LESA4,LESAS,Leymus salinus ssp. salinus,Leymus salina ssp. salina,NA,GRAMINOID,PERENNIAL,NA,FALSE,C3,NA,NonNoxPerenGrassCover 
LAMA9,LAOCC,Lappula occidentalis var. cupulata,Lappula occidentalis var. cupulata,NA,FORB,ANNUAL,NA,FALSE,NA,NA,NonNoxAnnForbCover 
CEST8,CESTM,Centaurea stoebe ssp. micranthos,Centaurea stoebe ssp. micranthos,NA,FORB,PERENNIAL,NA,TRUE,NA,NA,NoxPerenForbCover 
LESA2,THAR5,Thlaspi arvense,Thlaspi arvense,NA,FORB,ANNUAL,NA,TRUE,NA,NA,NoxAnnForbCover 
PIPO,PIPOS,Pinus ponderosa var. scopulorum,Pinus ponderosa var. scopulorum,NA,TREE,PERENNIAL,NA,FALSE,NA,NA,NonNoxTreeCover 
PRVI,PRVIM,Prunus virginiana var. melanocarpa,Prunus virginiana var. melanocarpa,NA,SHRUB,PERENNIAL,NA,FALSE,NA,NA,NonNoxShrubCover 
PRVIM,PRVIM,Prunus virginiana var. melanocarpa,Prunus virginiana var. melanocarpa,NA,SHRUB,PERENNIAL,NA,FALSE,NA,NA,NonNoxShrubCover 
PIEN,PIENE,Picea engelmannii var. engelmannii,Picea engelmannii var. engelmannii,NA,TREE,PERENNIAL,NA,FALSE,NA,NA,NonNoxTreeCover 
PSME,PSMEG,Pseudotsuga menziesii var. glauca,Pseudotsuga menziesii var. glauca,NA,TREE,PERENNIAL,NA,FALSE,NA,NA,NonNoxTreeCover 
JUARA4,JUARL,Juncus arcticus ssp. littoralis,Juncus arcticus var. balticus,NA,GRAMINOID,PERENNIAL,NA,FALSE,C3,NA,NonNoxPerenSedgeCover 
STCO4,HECO26,Hesperostipa comata,Hesperostipa comata,NA,GRAMINOID,PERENNIAL,NA,FALSE,C3,NA,NonNoxPerenGrassCover 
PHCR,PHCRC,Phacelia crenulata var. corrugata,Phacelia crenulata var. corrugata,NA,FORB,ANNUAL,NA,FALSE,NA,NA,NonNoxAnnForbCover 
ERCIC,ERCI6,Erodium cicutarium,Erodium cicutarium,NA,FORB,ANNUAL,NA,TRUE,NA,NA,NoxAnnForbCover 
ASVE11,XYVE,Xylorhiza venusta,Xylorhiza venusta,NA,SHRUB,PERENNIAL,NA,FALSE,NA,NA,NonNoxShrubCover 
HIJA,PLJA,Pleuraphis jamesii,Hilaria jamesii,NA,GRAMINOID,PERENNIAL,NA,FALSE,C4,NA,NonNoxPerenGrassCover 
MAGR2,MAGRG,Machaeranthera grindelioides var. grindelioides,Xanthisma grindelioides var. grindelioides,NA,FORB,PERENNIAL,NA,FALSE,NA,NA,NonNoxPerenForbCover 
AGSM,PASM,Pascopyrum smithii,Pascopyrum smithii,NA,GRAMINOID,PERENNIAL,NA,FALSE,C3,NA,NonNoxPerenGrassCover 
PELE2,PELEL2,Penstemon lentus var. lentus,Penstemon lentus var. lentus,NA,FORB,PERENNIAL,NA,FALSE,NA,NA,NonNoxPerenForbCover 
BRPO5,BRPO2,Bromus porteri,Bromus porteri,NA,GRAMINOID,PERENNIAL,NA,FALSE,C3,NA,NonNoxPerenGrassCover 
ABBI3,ABLA,Abies lasiocarpa,Abies bifolia,NA,TREE,PERENNIAL,NA,FALSE,NA,NA,NonNoxTreeCover 
ERDIJ,ERDI2,Eriastrum diffusum,Eriastrum diffusum,NA,FORB,ANNUAL,NA,FALSE,NA,NA,NonNoxAnnForbCover 
DEPII,DEPIB,Descurainia pinnata ssp. brachycarpa,Descurainia pinnata ssp. brachycarpa,NA,FORB,ANNUAL,NA,FALSE,NA,NA,NonNoxAnnForbCover 
ORFL2,CRFL5,Cryptantha flava,Oreocarya flava,NA,FORB,PERENNIAL,NA,FALSE,NA,NA,NonNoxPerenForbCover 
ORFL3,CRFL6,Cryptantha flavoculata,Oreocarya flavoculata,NA,FORB,PERENNIAL,NA,FALSE,NA,NA,NonNoxPerenForbCover 
BRCO4,BRRA2,Bromus racemosus,Bromus commutatus,NA,GRAMINOID,ANNUAL,NA,TRUE,C3,NA,NoxAnnGrassCover 
SEMU,SEMUM,Selaginella mutica var. mutica,Selaginella mutica var. mutica,NA,FORB,PERENNIAL,NA,FALSE,NA,NA,NonNoxPerenForbCover 
ACGL,ACGLG2,Acer glabrum var. glabrum,Acer glabrum var. glabrum,NA,TREE,PERENNIAL,NA,FALSE,NA,NA,NonNoxTreeCover 
POSA17,PODOJ2,Polygonum douglasii  ssp. johnstonii ,Polygonum sawatchense ssp. sawatchense,NA,FORB,ANNUAL,NA,FALSE,NA,NA,NonNoxAnnForbCover 
HAAR2,STARA,Stenotus armerioides var. armerioides,Stenotus armerioides var. armerioides,NA,FORB,PERENNIAL,NA,FALSE,NA,NA,NonNoxPerenForbCover 
STAR10,STARA,Stenotus armerioides var. armerioides,Stenotus armerioides var. armerioides,NA,FORB,PERENNIAL,NA,FALSE,NA,NA,NonNoxPerenForbCover 
LOGR,LOGRG2,Lomatium grayi var. grayi,Lomatium grayi var. grayi,NA,FORB,PERENNIAL,NA,FALSE,NA,NA,NonNoxPerenForbCover 
GLSP,GLSPM,Glossopetalon spinescens var. meionandrum,Forsellesia meionandra,NA,SHRUB,PERENNIAL,NA,FALSE,NA,NON-RESPROUT,NonNoxShrubCover 
EREA3,AREAE,Arenaria eastwoodiae var. eastwoodiae,Eremogone eastwoodiae var. eastwoodiae,NA,FORB,PERENNIAL,NA,FALSE,NA,NA,NonNoxPerenForbCover 
PIED,PIED,Pinus edulis,Pinus edulis,NA,TREE,PERENNIAL,NA,FALSE,NA,NA,NonNoxTreeCover 
CEMO2,CEMO2,Cercocarpus montanus,Cercocarpus montanus,NA,SHRUB,PERENNIAL,NA,FALSE,NA,RESPROUT,NonNoxShrubCover 
GUSA2,GUSA2,Gutierrezia sarothrae,Gutierrezia sarothrae,NA,SHRUB,PERENNIAL,NA,FALSE,NA,NON-RESPROUT,NonNoxShrubCover 
ERTR13,ERTR13,Eremopyrum triticeum,Eremopyrum triticeum,NA,GRAMINOID,ANNUAL,NA,TRUE,C3,NA,NoxAnnGrassCover 
JUOS,JUOS,Juniperus osteosperma,Juniperus osteosperma,NA,TREE,PERENNIAL,NA,FALSE,NA,NA,NonNoxTreeCover 
EPVI,EPVI,Ephedra viridis,Ephedra viridis,NA,SHRUB,PERENNIAL,NA,FALSE,NA,RESPROUT,NonNoxShrubCover 
ATGA,ATGA,Atriplex gardneri,Atriplex gardneri,NA,SHRUB,PERENNIAL,NA,FALSE,NA,NON-RESPROUT,NonNoxShrubCover 
ACHY,ACHY,Achnatherum hymenoides,Achnatherum hymenoides,NA,GRAMINOID,PERENNIAL,NA,FALSE,C3,NA,NonNoxPerenGrassCover 
PLJA,PLJA,Pleuraphis jamesii,Hilaria jamesii,NA,GRAMINOID,PERENNIAL,NA,FALSE,C4,NA,NonNoxPerenGrassCover 
ATCO4,ATCO4,Atriplex corrugata,Atriplex corrugata,NA,SHRUB,PERENNIAL,NA,FALSE,NA,NON-RESPROUT,NonNoxShrubCover 
ALDE,ALDE,Alyssum desertorum,Alyssum desertorum,NA,FORB,ANNUAL,NA,TRUE,NA,NA,NoxAnnForbCover 
ARTRW8,ARTRW8,Artemisia tridentata ssp. wyomingensis,Artemisia tridentata var. wyomingensis,NA,SHRUB,PERENNIAL,NA,FALSE,NA,NON-RESPROUT,NonNoxShrubCover 
ERCO27,ERCO27,Erigeron concinnus,Erigeron concinnus,NA,FORB,PERENNIAL,NA,FALSE,NA,NA,NonNoxPerenForbCover 
ARPUL,ARPUL,Aristida purpurea var. longiseta,Aristida purpurea var. longiseta,NA,GRAMINOID,PERENNIAL,NA,FALSE,C4,NA,NonNoxPerenGrassCover 
ARPU9,ARPU9,Aristida purpurea,Aristida purpurea,NA,GRAMINOID,PERENNIAL,NA,FALSE,C4,NA,NonNoxPerenGrassCover 
SIAL2,SIAL2,Sisymbrium altissimum,Sisymbrium altissimum,NA,FORB,ANNUAL,NA,TRUE,NA,NA,NoxAnnForbCover 
ELELE,ELELE,Elymus elymoides,Elymus elymoides,NA,GRAMINOID,PERENNIAL,NA,FALSE,C3,NA,NonNoxPerenGrassCover 
ELEL5,ELEL5,Elymus elymoides,Elymus elymoides,NA,GRAMINOID,PERENNIAL,NA,FALSE,C3,NA,NonNoxPerenGrassCover 
BOGR2,BOGR2,Bouteloua gracilis,Bouteloua gracilis,NA,GRAMINOID,PERENNIAL,NA,FALSE,C4,NA,NonNoxPerenGrassCover 
SPCR,SPCR,Sporobolus cryptandrus,Sporobolus cryptandrus,NA,GRAMINOID,PERENNIAL,NA,FALSE,C4,NA,NonNoxPerenGrassCover 
ATCA2,ATCA2,Atriplex canescens,Atriplex canescens,NA,SHRUB,PERENNIAL,NA,FALSE,NA,RESPROUT,NonNoxShrubCover 
OPPO,OPPO,Opuntia polyacantha,Opuntia polyacantha,NA,SUCCULENT,PERENNIAL,NA,FALSE,NA,NON-RESPROUT,NonNoxSucculentCover 
KRLA2,KRLA2,Krascheninnikovia lanata,Krascheninnikovia lanata,NA,SHRUB,PERENNIAL,NA,FALSE,NA,NON-RESPROUT,NonNoxShrubCover 
ARTRT,ARTRT,Artemisia tridentata ssp. tridentata,Artemisia tridentata var. tridentata,NA,SHRUB,PERENNIAL,NA,FALSE,NA,NON-RESPROUT,NonNoxShrubCover 
PLPA2,PLPA2,Plantago patagonica,Plantago patagonica,NA,FORB,ANNUAL,NA,FALSE,NA,NA,NonNoxAnnForbCover 
CHER2,CHER2,Chaetopappa ericoides,Chaetopappa ericoides,NA,FORB,PERENNIAL,NA,FALSE,NA,NA,NonNoxPerenForbCover 
ARTRV,ARTRV,Artemisia tridentata ssp. vaseyana,Artemisia tridentata var. vaseyana,NA,SHRUB,PERENNIAL,NA,FALSE,NA,NON-RESPROUT,NonNoxShrubCover 
POSE,POSE,Poa secunda,Poa secunda,NA,GRAMINOID,PERENNIAL,NA,FALSE,C3,NA,NonNoxPerenGrassCover 
AGCR,AGCR,Agropyron cristatum,Agropyron cristatum,NA,GRAMINOID,PERENNIAL,NA,FALSE,C3,NA,NonNoxPerenGrassCover 
ELTR7,ELTR7,Elymus trachycaulus,Elymus trachycaulus,NA,GRAMINOID,PERENNIAL,NA,FALSE,C3,NA,NonNoxPerenGrassCover 
TEAC,TEAC,Tetraneuris acaulis,Tetraneuris acaulis,NA,FORB,PERENNIAL,NA,FALSE,NA,NA,NonNoxPerenForbCover 
ARNO4,ARNO4,Artemisia nova,Artemisia nova,NA,SHRUB,PERENNIAL,NA,FALSE,NA,NON-RESPROUT,NonNoxShrubCover 
EROV,EROV,Eriogonum ovalifolium,Eriogonum ovalifolium,NA,FORB,PERENNIAL,NA,FALSE,NA,NA,NonNoxPerenForbCover 
PAMU11,PAMU11,Packera multilobata,Packera multilobata,NA,FORB,PERENNIAL,NA,FALSE,NA,NA,NonNoxPerenForbCover 
POFE,POFE,Poa fendleriana,Poa fendleriana,NA,GRAMINOID,PERENNIAL,NA,FALSE,C3,NA,NonNoxPerenGrassCover 
MESA,MESA,Medicago sativa,Medicago sativa,NA,FORB,PERENNIAL,NA,TRUE,NA,NA,NoxPerenForbCover 
SAMI3,SAMI3,Sanguisorba minor,Sanguisorba minor,NA,FORB,PERENNIAL,NA,TRUE,NA,NA,NoxPerenForbCover 
PHRE9,PHRE9,Physaria rectipes,Physaria rectipes,NA,FORB,PERENNIAL,NA,FALSE,NA,NA,NonNoxPerenForbCover 
CHDOD,CHDOD,Chaenactis douglasii var. douglasii,Chaenactis douglasii var. douglasii,NA,FORB,PERENNIAL,NA,FALSE,NA,NA,NonNoxPerenForbCover 
HEVIV,HEVIV,Heterotheca villosa var. villosa,Heterotheca villosa var. villosa,NA,FORB,PERENNIAL,NA,FALSE,NA,NA,NonNoxPerenForbCover 
TOIN,TOIN,Townsendia incana,Townsendia incana,NA,FORB,PERENNIAL,NA,FALSE,NA,NA,NonNoxPerenForbCover 
EREN,EREN,Erigeron engelmannii,Erigeron engelmannii,NA,FORB,PERENNIAL,NA,FALSE,NA,NA,NonNoxPerenForbCover 
DEIN5,DEIN5,Descurainia incana,Descurainia incana,NA,FORB,PERENNIAL,NA,FALSE,NA,NA,NonNoxPerenForbCover 
ARLI,ARLI,Arabis lignifera,Boechera lignifera,NA,FORB,PERENNIAL,NA,FALSE,NA,NA,NonNoxPerenForbCover 
CHVI8,CHVI8,Chrysothamnus viscidiflorus,Chrysothamnus viscidiflorus,NA,SHRUB,PERENNIAL,NA,FALSE,NA,RESPROUT,NonNoxShrubCover 
HEVI4,HEVI4,Heterotheca villosa,Heterotheca villosa,NA,FORB,PERENNIAL,NA,FALSE,NA,NA,NonNoxPerenForbCover 
JUSC2,JUSC2,Juniperus scopulorum,Juniperus scopulorum,NA,TREE,PERENNIAL,NA,FALSE,NA,NA,NonNoxTreeCover 
AMAL2,AMAL2,Amelanchier alnifolia,Amelanchier alnifolia,NA,SHRUB,PERENNIAL,NA,FALSE,NA,RESPROUT,NonNoxShrubCover 
PHHO,PHHO,Phlox hoodii,Phlox hoodii,NA,FORB,PERENNIAL,NA,FALSE,NA,NA,NonNoxPerenForbCover 
CYPL,CYPL,Cymopterus planosus,Cymopterus planosus,NA,FORB,PERENNIAL,NA,FALSE,NA,NA,NonNoxPerenForbCover 
ALSI8,ALSI8,Alyssum simplex,Alyssum simplex,NA,FORB,ANNUAL,NA,TRUE,NA,NA,NoxAnnForbCover 
SAVE4,SAVE4,Sarcobatus vermiculatus,Sarcobatus vermiculatus,NA,SHRUB,PERENNIAL,NA,FALSE,NA,RESPROUT,NonNoxShrubCover 
ATCO,ATCO,Atriplex confertifolia,Atriplex confertifolia,NA,SHRUB,PERENNIAL,NA,FALSE,NA,NON-RESPROUT,NonNoxShrubCover 
CHDE2,CHDE2,Chrysothamnus depressus,Chrysothamnus depressus,NA,SHRUB,PERENNIAL,NA,FALSE,NA,RESPROUT,NonNoxShrubCover 
HEAN3,HEAN3,Helianthus annuus,Helianthus annuus,NA,FORB,ANNUAL,NA,FALSE,NA,NA,NonNoxAnnForbCover 
PSJU3,PSJU3,Psathyrostachys juncea,Psathyrostachys juncea,NA,GRAMINOID,PERENNIAL,NA,TRUE,C3,NA,NoxPerenGrassCover 
LIWA4,LIWA4,Linanthus watsonii,Linanthus watsonii,NA,FORB,PERENNIAL,NA,FALSE,NA,NA,NonNoxPerenForbCover 
TEIV,TEIV,Tetraneuris ivesiana,Tetraneuris ivesiana,NA,FORB,PERENNIAL,NA,FALSE,NA,NA,NonNoxPerenForbCover 
LIPU11,LIPU11,Linanthus pungens,Linanthus pungens,NA,FORB,PERENNIAL,NA,FALSE,NA,NA,NonNoxPerenForbCover 
ERUM,ERUM,Eriogonum umbellatum,Eriogonum umbellatum,NA,FORB,PERENNIAL,NA,FALSE,NA,NON-RESPROUT,NonNoxPerenForbCover 
PUTR2,PUTR2,Purshia tridentata,Purshia tridentata,NA,SHRUB,PERENNIAL,NA,FALSE,NA,NON-RESPROUT,NonNoxShrubCover 
ERCI6,ERCI6,Erodium cicutarium,Erodium cicutarium,NA,FORB,ANNUAL,NA,TRUE,NA,NA,NoxAnnForbCover 
DESC,DESC,Delphinium scaposum,Delphinium scaposum,NA,FORB,PERENNIAL,NA,FALSE,NA,NA,NonNoxPerenForbCover 
HAGL,HAGL,Halogeton glomeratus,Halogeton glomeratus,NA,FORB,ANNUAL,NA,TRUE,NA,NA,NoxAnnForbCover 
OPPOP,OPPOP,Opuntia polyacantha var. polyacantha,Opuntia polyacantha var. polyacantha,NA,SUCCULENT,PERENNIAL,NA,FALSE,NA,NA,NonNoxSucculentCover 
TESP2,TESP2,Tetradymia spinosa,Tetradymia spinosa,NA,SHRUB,PERENNIAL,NA,FALSE,NA,RESPROUT,NonNoxShrubCover 
CYBU,CYBU,Cymopterus bulbosus,Cymopterus bulbosus,NA,FORB,PERENNIAL,NA,FALSE,NA,NA,NonNoxPerenForbCover 
HYFI,HYFI,Hymenopappus filifolius,Hymenopappus filifolius,NA,FORB,PERENNIAL,NA,FALSE,NA,NA,NonNoxPerenForbCover 
ARBI3,ARBI3,Artemisia bigelovii,Artemisia bigelovii,NA,SHRUB,PERENNIAL,NA,FALSE,NA,NON-RESPROUT,NonNoxShrubCover 
XYGL,XYGL,Xylorhiza glabriuscula,Xylorhiza glabriuscula,NA,FORB,PERENNIAL,NA,FALSE,NA,NA,NonNoxPerenForbCover 
EPTO,EPTO,Ephedra torreyana,Ephedra torreyana,NA,SHRUB,PERENNIAL,NA,FALSE,NA,RESPROUT,NonNoxShrubCover 
SATR12,SATR12,Salsola tragus,Salsola tragus,NA,FORB,ANNUAL,NA,TRUE,NA,NA,NoxAnnForbCover 
XYVE,XYVE,Xylorhiza venusta,Xylorhiza venusta,NA,SHRUB,PERENNIAL,NA,FALSE,NA,NA,NonNoxShrubCover 
CLPA3,CLPA3,Cleomella palmeriana,Cleomella palmeriana,NA,FORB,ANNUAL,NA,FALSE,NA,NA,NonNoxAnnForbCover 
STPI,STPI,Stanleya pinnata,Stanleya pinnata,NA,FORB,PERENNIAL,NA,FALSE,NA,NA,NonNoxPerenForbCover 
CORA,CORA,Coleogyne ramosissima,Coleogyne ramosissima,NA,SHRUB,PERENNIAL,NA,FALSE,NA,NON-RESPROUT,NonNoxShrubCover 
OPPH,OPPH,Opuntia phaeacantha,Opuntia phaeacantha,NA,SUCCULENT,PERENNIAL,NA,FALSE,NA,NA,NonNoxSucculentCover 
LEMO2,LEMO2,Lepidium montanum,Lepidium montanum,NA,FORB,PERENNIAL,NA,FALSE,NA,NA,NonNoxPerenForbCover 
ARFR4,ARFR4,Artemisia frigida,Artemisia frigida,NA,SHRUB,PERENNIAL,NA,FALSE,NA,RESPROUT,NonNoxShrubCover 
ERRA3,ERRA3,Eriogonum racemosum,Eriogonum racemosum,NA,FORB,PERENNIAL,NA,FALSE,NA,NA,NonNoxPerenForbCover 
CAGE2,CAGE2,Carex geyeri,Carex geyeri,NA,SEDGE,PERENNIAL,NA,FALSE,C3,NA,NonNoxPerenSedgeCover 
BOCU,BOCU,Bouteloua curtipendula,Bouteloua curtipendula,NA,GRAMINOID,PERENNIAL,NA,FALSE,C4,NA,NonNoxPerenGrassCover 
TRGY,TRGY,Trifolium gymnocarpon,Trifolium gymnocarpon,NA,FORB,PERENNIAL,NA,FALSE,NA,NA,NonNoxPerenForbCover 
GRSQ,GRSQ,Grindelia squarrosa,Grindelia squarrosa,NA,FORB,PERENNIAL,NA,FALSE,NA,NA,NonNoxPerenForbCover 
ERDI4,ERDI4,Erigeron divergens,Erigeron divergens,NA,FORB,ANNUAL,NA,FALSE,NA,NA,NonNoxAnnForbCover 
HENE5,HENE5,Hesperostipa neomexicana,Hesperostipa neomexicana,NA,GRAMINOID,PERENNIAL,NA,FALSE,C3,NA,NonNoxPerenGrassCover 
ACMI2,ACMI2,Achillea millefolium,Achillea millefolium,NA,FORB,PERENNIAL,NA,FALSE,NA,NA,NonNoxPerenForbCover 
TRDU,TRDU,Tragopogon dubius,Tragopogon dubius,NA,FORB,ANNUAL,NA,TRUE,NA,NA,NoxAnnForbCover 
BRIN2,BRIN2,Bromus inermis,Bromus inermis,NA,GRAMINOID,PERENNIAL,NA,TRUE,C3,NA,NoxPerenGrassCover 
URDI,URDI,Urtica dioica,Urtica dioica,NA,FORB,PERENNIAL,NA,FALSE,NA,NA,NonNoxPerenForbCover 
CHFE3,CHFE3,Chamaesyce fendleri,Chamaesyce fendleri,NA,FORB,PERENNIAL,NA,FALSE,NA,NON-RESPROUT,NonNoxPerenForbCover 
ROWO,ROWO,Rosa woodsii,Rosa woodsii,NA,SHRUB,PERENNIAL,NA,FALSE,NA,RESPROUT,NonNoxShrubCover 
PAMY,PAMY,Paxistima myrsinites,Paxistima myrsinites,NA,SHRUB,PERENNIAL,NA,FALSE,NA,NA,NonNoxShrubCover 
POAL2,POAL2,Poa alpina,Poa alpina,NA,GRAMINOID,PERENNIAL,NA,FALSE,C3,NA,NonNoxPerenGrassCover 
ARMO4,ARMO4,Arnica mollis,Arnica mollis,NA,FORB,PERENNIAL,NA,FALSE,NA,NA,NonNoxPerenForbCover 
GEAMA,GEAMA,Gentianella amarella ssp. acuta,Gentianella acuta,NA,FORB,ANNUAL,NA,FALSE,NA,NA,NonNoxAnnForbCover 
CRCR3,CRCR3,Cryptantha crassisepala,NA,NA,FORB,ANNUAL,NA,FALSE,NA,NA,NonNoxAnnForbCover 
LAOCO,LAOCO,Lappula occidentalis var. occidentalis,Lappula occidentalis var. occidentalis,NA,FORB,ANNUAL,NA,FALSE,NA,NA,NonNoxAnnForbCover 
LAOC3,LAOC3,Lappula occidentalis,Lappula occidentalis,NA,FORB,ANNUAL,NA,FALSE,NA,NA,NonNoxAnnForbCover 
CADR,CADR,Cardaria draba,Lepidium draba,NA,FORB,PERENNIAL,NA,TRUE,NA,NA,NoxPerenForbCover 
ALAL3,ALAL3,Alyssum alyssoides,Alyssum alyssoides,NA,FORB,ANNUAL,NA,TRUE,NA,NA,NoxAnnForbCover 
PLEL,PLEL,Plantago elongata,Plantago elongata,NA,FORB,ANNUAL,NA,FALSE,NA,NA,NonNoxAnnForbCover 
DRRE2,DRRE2,Draba reptans,Draba reptans,NA,FORB,ANNUAL,NA,FALSE,NA,NA,NonNoxAnnForbCover 
GICL2,GICL2,Gilia clokeyi,Gilia clokeyi,NA,FORB,ANNUAL,NA,FALSE,NA,NA,NonNoxAnnForbCover 
CANU3,CANU3,Calochortus nuttallii,Calochortus nuttallii,NA,FORB,PERENNIAL,NA,FALSE,NA,NA,NonNoxPerenForbCover 
PODOJ2,PODOJ2,Polygonum douglasii  ssp. johnstonii ,Polygonum sawatchense ssp. sawatchense,NA,FORB,ANNUAL,NA,FALSE,NA,NA,NonNoxAnnForbCover 
ANOC2,ANOC2,Androsace occidentalis,Androsace occidentalis,NA,FORB,ANNUAL,NA,FALSE,NA,NA,NonNoxAnnForbCover 
CHAL7,CHAL7,Chenopodium album,Chenopodium album,NA,FORB,ANNUAL,NA,TRUE,NA,NA,NoxAnnForbCover 
CHGR6,CHGR6,Chrysothamnus greenei,Chrysothamnus greenei,NA,SHRUB,PERENNIAL,NA,FALSE,NA,RESPROUT,NonNoxShrubCover 
LEAL4,LEAL4,Lepidium alyssoides,Lepidium alyssoides,NA,FORB,PERENNIAL,NA,FALSE,NA,NA,NonNoxPerenForbCover 
RHTR,RHTR,Rhus trilobata,Rhus trilobata,NA,SHRUB,PERENNIAL,NA,FALSE,NA,RESPROUT,NonNoxShrubCover 
ARLU,ARLU,Artemisia ludoviciana,Artemisia ludoviciana,NA,FORB,PERENNIAL,NA,FALSE,NA,NA,NonNoxPerenForbCover 
ERAL4,ERAL4,Eriogonum alatum,Eriogonum alatum,NA,FORB,PERENNIAL,NA,FALSE,NA,NA,NonNoxPerenForbCover 
ARUV,ARUV,Arctostaphylos uva-ursi,Arctostaphylos uva-ursi,NA,SHRUB,PERENNIAL,NA,FALSE,NA,RESPROUT,NonNoxShrubCover 
ASSC7,ASSC7,Astragalus scopulorum,Astragalus scopulorum,NA,FORB,PERENNIAL,NA,FALSE,NA,NA,NonNoxPerenForbCover 
ARTR2,ARTR2,Artemisia tridentata,Artemisia tridentata,NA,SHRUB,PERENNIAL,NA,FALSE,NA,NA,NonNoxShrubCover 
SIAC,SIAC,Silene acaulis,Silene acaulis,NA,FORB,PERENNIAL,NA,FALSE,NA,NA,NonNoxPerenForbCover 
ARCA14,ARCA14,Artemisia carruthii,Artemisia carruthii,NA,FORB,PERENNIAL,NA,FALSE,NA,NA,NonNoxPerenForbCover 
ERGL2,ERGL2,Erigeron glabellus,Erigeron glabellus,NA,FORB,PERENNIAL,NA,FALSE,NA,NA,NonNoxPerenForbCover 
MEOF,MEOF,Melilotus officinalis,Melilotus albus,NA,FORB,PERENNIAL,NA,TRUE,NA,NA,NoxPerenForbCover 
CIAR4,CIAR4,Cirsium arvense,Cirsium arvense,NA,FORB,PERENNIAL,NA,TRUE,NA,NA,NoxPerenForbCover 
LASE,LASE,Lactuca serriola,Lactuca serriola,NA,FORB,ANNUAL,NA,TRUE,NA,NA,NoxAnnForbCover 
YUGL,YUGL,Yucca glauca,Yucca glauca,NA,FORB,PERENNIAL,NA,FALSE,NA,NON-RESPROUT,NonNoxPerenForbCover 
DRRE,DRRE,Draba rectifructa,Draba rectifructa,NA,FORB,ANNUAL,NA,FALSE,NA,NA,NonNoxAnnForbCover 
DESO2,DESO2,Descurainia sophia,Descurainia sophia,NA,FORB,ANNUAL,NA,TRUE,NA,NA,NoxAnnForbCover 
IPAGA2,IPAGA2,Ipomopsis aggregata ssp. attenuata,Ipomopsis aggregata ssp. attenuata,NA,FORB,PERENNIAL,NA,FALSE,NA,NA,NonNoxPerenForbCover 
SIAN2,SIAN2,Silene antirrhina,Silene antirrhina,NA,FORB,ANNUAL,NA,FALSE,NA,NA,NonNoxAnnForbCover 
RHGL,RHGL,Rhus glabra,Rhus glabra,NA,SHRUB,PERENNIAL,NA,FALSE,NA,NA,NonNoxShrubCover 
CHFE,CHFE,Cheilanthes feei,Cheilanthes feei,NA,FORB,PERENNIAL,NA,FALSE,NA,NA,NonNoxPerenForbCover 
FRAN2,FRAN2,Fraxinus anomala,Fraxinus anomala,NA,SHRUB,PERENNIAL,NA,FALSE,NA,RESPROUT,NonNoxShrubCover 
SILO3,SILO3,Sisymbrium loeselii,Sisymbrium loeselii,NA,FORB,ANNUAL,NA,FALSE,NA,NA,NonNoxAnnForbCover 
MUMO,MUMO,Muhlenbergia montana,Muhlenbergia montana,NA,GRAMINOID,PERENNIAL,NA,FALSE,C4,NA,NonNoxPerenGrassCover 
IPAG,IPAG,Ipomopsis aggregata,Ipomopsis aggregata,NA,FORB,PERENNIAL,NA,FALSE,NA,NA,NonNoxPerenForbCover 
DISP,DISP,Distichlis spicata,Distichlis stricta,NA,GRAMINOID,PERENNIAL,NA,FALSE,C4,NA,NonNoxPerenGrassCover 
LOEA,LOEA,Lomatium eastwoodiae,Lomatium eastwoodiae,NA,FORB,PERENNIAL,NA,FALSE,NA,NA,NonNoxPerenForbCover 
ASFL,ASFL,Astragalus flavus,Astragalus flavus,NA,FORB,PERENNIAL,NA,FALSE,NA,NA,NonNoxPerenForbCover 
SIDR,SIDR,Silene drummondii,Silene drummondii,NA,FORB,PERENNIAL,NA,FALSE,NA,NA,NonNoxPerenForbCover 
ARCA13,ARCA13,Artemisia cana,Artemisia cana,NA,SHRUB,PERENNIAL,NA,FALSE,NA,NON-RESPROUT,NonNoxShrubCover 
LECR12,LECR12,Lepidium crenatum,Lepidium crenatum,NA,FORB,PERENNIAL,NA,FALSE,NA,NA,NonNoxPerenForbCover 
PEST2,PEST2,Penstemon strictus,Penstemon strictus,NA,FORB,PERENNIAL,NA,FALSE,NA,NA,NonNoxPerenForbCover 
LYJU,LYJU,Lygodesmia juncea,Lygodesmia juncea,NA,FORB,PERENNIAL,NA,FALSE,NA,NA,NonNoxPerenForbCover 
CLSE,CLSE,Cleome serrulata,Cleome serrulata,NA,FORB,ANNUAL,NA,FALSE,NA,NA,NonNoxAnnForbCover 
SARA2,SARA2,Sambucus racemosa,Sambucus racemosa,NA,TREE,PERENNIAL,NA,FALSE,NA,NA,NonNoxTreeCover 
ERCO6,ERCO6,Erigeron coulteri,Erigeron coulteri,NA,FORB,PERENNIAL,NA,FALSE,NA,NA,NonNoxPerenForbCover 
MIMU,MIMU,Mirabilis multiflora,Mirabilis multiflora,NA,FORB,PERENNIAL,NA,FALSE,NA,NA,NonNoxPerenForbCover 
PHAC4,PHAC4,Physaria acutifolia,Physaria acutifolia,NA,FORB,PERENNIAL,NA,FALSE,NA,NA,NonNoxPerenForbCover 
POAN,POAN,Poa annua,Poa annua,NA,GRAMINOID,ANNUAL,NA,TRUE,C3,NA,NoxAnnGrassCover 
LEDE,LEDE,Lepidium densiflorum,Lepidium densiflorum,NA,FORB,ANNUAL,NA,TRUE,NA,NA,NoxAnnForbCover 
ASWI2,ASWI2,Astragalus wingatanus,Astragalus wingatanus,NA,FORB,PERENNIAL,NA,FALSE,NA,NA,NonNoxPerenForbCover 
SAEX,SAEX,Salix exigua,Salix exigua,NA,SHRUB,PERENNIAL,NA,FALSE,NA,NON-RESPROUT,NonNoxShrubCover 
MAGR10,MAGR10,Machaeranthera gracilis,Xanthisma gracile,NA,FORB,ANNUAL,NA,FALSE,NA,NA,NonNoxAnnForbCover 
TECA2,TECA2,Tetradymia canescens,Tetradymia canescens,NA,SHRUB,PERENNIAL,NA,FALSE,NA,RESPROUT,NonNoxShrubCover 
ERLE10,ERLE10,Eriogonum leptophyllum,Eriogonum leptophyllum,NA,SHRUB,PERENNIAL,NA,FALSE,NA,NA,NonNoxShrubCover 
PLIN7,PLIN7,Platyschkuhria integrifolia,Platyschkuhria integrifolia,NA,SHRUB,PERENNIAL,NA,FALSE,NA,NA,NonNoxShrubCover 
CHDO,CHDO,Chaenactis douglasii,Chaenactis douglasii,NA,FORB,PERENNIAL,NA,FALSE,NA,NA,NonNoxPerenForbCover 
BAHY,BAHY,Bassia hyssopifolia,Bassia hyssopifolia,NA,FORB,ANNUAL,NA,TRUE,NA,NA,NoxAnnForbCover 
OPUNT,OPUNT,Opuntia,Opuntia,NONWOODY,SUCCULENT,PERENNIAL,TRUE,FALSE,CAM,NA,NonNoxSucculentCover 
SALSO,SALSO,Salsosa,Salsosa,NONWOODY,FORB,ANNUAL,FALSE,TRUE,NA,NA,NoxAnnForbCover 
ERIGE2,ERIGE2,Erigeron,Erigeron,NONWOODY,FORB,ANNUAL-PERENNIAL,NA,NA,NA,NA,NA
LEPID,LEPID,Lepidium,Lepidium,NONWOODY,FORB,ANNUAL-PERENNIAL,NA,NA,NA,NA,NA
ASTRA,ASTRA,Astragalus,Astragalus,NONWOODY,FORB,ANNUAL-PERENNIAL,TRUE,FALSE,NA,NA,NA
RIBES,RIBES,Ribes,Ribes,WOODY,SHRUB,PERENNIAL,TRUE,FALSE,NA,NA,NonNoxShrubCover 
ANAL4,ANAL4,NA,NA,NA,NA,NA,NA,FALSE,NA,NA,NA
POTEN,POTEN,Potentilla,Potentilla,NA,NA,NA,NA,FALSE,NA,NA,NA
CERCO,CERCO,Cercocarpus,Cercocarpus,WOODY,SHRUB,PERENNIAL,TRUE,FALSE,NA,NA,NonNoxShrubCover 
ERRA,ERRA,NA,NA,NA,NA,NA,NA,FALSE,NA,NA,NA
CHRYS9,CHRYS9,Chrysothamnus,Chrysothamnus,WOODY,SHRUB,PERENNIAL,TRUE,FALSE,NA,NA,NonNoxShrubCover 
AMUT,AMUT,Amelanchier utahensis,Amelanchier alnifolia var. utahensis,WOODY,SHRUB,PERENNIAL,NA,FALSE,NA,NA,NonNoxShrubCover 
SPCO,SPCO,Sphaeralcea coccinea,Sphaeralcea coccinea,NONWOODY,FORB,PERENNIAL,NA,FALSE,NA,NA,NonNoxPerenForbCover 
YUHA,YUHA,Yucca harrimaniae,Yucca harrimaniae,WOODY,SUCCULENT,PERENNIAL,NA,FALSE,NA,NA,NonNoxSucculentCover 
OPFR,OPFR,Opuntia fragilis,Opuntia fragilis,WOODY,SUCCULENT,PERENNIAL,NA,FALSE,NA,NA,NonNoxSucculentCover 
QUGA,QUGA,Quercus gambelii,Quercus gambelii,WOODY,SHRUB,PERENNIAL,NA,FALSE,NA,NA,NonNoxShrubCover 
VUOC,VUOC,Vulpia octoflora,Vulpia octoflora,NONWOODY,GRAMINOID,ANNUAL,NA,FALSE,C3,NA,NonNoxAnnGrassCover 
SCLI,SCLI,Schoenocrambe linifolia,Sisymbrium linifolium,NONWOODY,FORB,PERENNIAL,NA,FALSE,NA,NA,NonNoxPerenForbCover 
CETE5,CETE5,Ceratocephala testiculata,Ranunculus testiculatus,NONWOODY,FORB,ANNUAL,NA,FALSE,NA,NA,NonNoxAnnForbCover 
ERNA10,ERNA10,Ericameria nauseosa,Ericameria nauseosa,WOODY,SHRUB,PERENNIAL,NA,FALSE,NA,NA,NonNoxShrubCover 
YUBA,YUBA,Yucca baccata,Yucca baccata var. baccata,WOODY,SHRUB,PERENNIAL,NA,FALSE,NA,NA,NonNoxShrubCover 
MARE11,MARE11,Mahonia repens,Berberis repens,WOODY,SHRUB,PERENNIAL,NA,FALSE,NA,NA,NonNoxShrubCover 
SARAR3,SARAR3,Sambucus racemosa var. racemosa,Sambucus racemosa var. microbotrys,WOODY,SHRUB,PERENNIAL,NA,FALSE,NA,NA,NonNoxShrubCover 
PSMO,PSMO,Pseudocymopterus montanus,Cymopterus lemmonii,NONWOODY,FORB,PERENNIAL,NA,FALSE,NA,NA,NonNoxPerenForbCover 
DRCU,DRCU,Draba cuneifolia,Draba cuneifolia,NONWOODY,FORB,ANNUAL,NA,FALSE,NA,NA,NonNoxAnnForbCover 
JUARL,JUARL,Juncus arcticus ssp. littoralis,Juncus arcticus var. balticus,NA,SEDGE,PERENNIAL,NA,FALSE,C3,NA,NonNoxPerenSedgeCover 
ERCO14,ERCO14,Eriogonum corymbosum,Eriogonum corymbosum,WOODY,SUBSHRUB,PERENNIAL,NA,FALSE,NA,NA,NonNoxSubShrubCover 
BAAM4,BAAM4,Bassia americana,Kochia americana,WOODY,SUBSHRUB,PERENNIAL,NA,FALSE,NA,NA,NonNoxSubShrubCover 
MACA2,MACA2,Machaeranthera canescens,Dieteria canescens,NONWOODY,FORB,PERENNIAL,NA,FALSE,NA,NA,NonNoxPerenForbCover 
ALAC4,ALAC4,Allium acuminatum,Allium acuminatum,NONWOODY,FORB,PERENNIAL,NA,FALSE,NA,NA,NonNoxPerenForbCover 
ECTR,ECTR,Echinocereus triglochidiatus,Echinocereus triglochidiatus,WOODY,SUCCULENT,PERENNIAL,NA,FALSE,NA,NA,NonNoxSucculentCover 
ERIN4,ERIN4,Eriogonum inflatum,Eriogonum inflatum,NONWOODY,FORB,ANNUAL,NA,FALSE,NA,NA,NonNoxAnnForbCover 
PESI,PESI,Pediocactus simpsonii,Pediocactus simpsonii,WOODY,SUCCULENT,PERENNIAL,NA,FALSE,NA,NA,NonNoxSucculentCover 
POPR,POPR,Poa pratensis,Poa pratensis,NONWOODY,GRAMINOID,PERENNIAL,NA,TRUE,C3,NA,NoxPerenGrassCover 
BRPU3,BRINP5,Bromus inermis ssp. pumpellianus,Bromus inermis ssp. pumpellianus,NONWOODY,GRAMINOID,PERENNIAL,NA,FALSE,C3,NA,NonNoxPerenGrassCover 
VUOCO,VUOC,Vulpia octoflora,Vulpia octoflora,NONWOODY,GRAMINOID,ANNUAL,NA,FALSE,C3,NA,NonNoxAnnGrassCover 
POCO,POCO,Poa compressa,Poa compressa,NONWOODY,GRAMINOID,ANNUAL,NA,TRUE,C3,NA,NoxAnnGrassCover 
SPAI,SPAI,Sporobolous airoides,Sporobolus airoides,NONWOODY,GRAMINOID,PERENNIAL,NA,FALSE,C4,NA,NonNoxPerenGrassCover 
POFEF,POFEF,Poa fendleriana ssp. Fendleriana,Poa fendleriana ssp. Fendleriana,NONWOODY,GRAMINOID,PERENNIAL,NA,FALSE,C3,NA,NonNoxPerenGrassCover 
"BRPO2
",BRPO2,Bromus porteri,Bromus porteri,NONWOODY,GRAMINOID,PERENNIAL,NA,FALSE,C3,NA,NonNoxPerenGrassCover 
CARO5,CARO5,Carex rossii,Carex rossii,NONWOODY,SEDGE,PERENNIAL,NA,FALSE,C3,NA,NonNoxPereenSedgeCover
FESA,FESA,Festuca saximontana,Festuca saximontana,NONWOODY,GRAMINOID,PERENNIAL,NA,FALSE,C3,NA,NonNoxPerenGrassCover 
ECCO5,ECTR,Echinocereus coccineus,Echinocereus triglochidiatus,NONWOODY,SUCCULENT,PERENNIAL,NA,FALSE,CAM,NA,NonNoxSucculentCover 
CRFL6,CRFL6,Cryptantha flavoculata,Oreocarya flavoculata,NONWOODY,FORB,PERENNIAL,NA,FALSE,NA,NA,NonNoxPerenForbCover 
YUAN2,YUANA2,Yucca angustissima var. angustissima,Yucca angustissima var. angustissima,WOODY,SUCCULENT,PERENNIAL,NA,FALSE,CAM,NA,NonNoxSucculentCover 
CACH7,CAAND,Castilleja angustifolia var. dubia,Castilleja angustifolia var. dubia,NONWOODY,FORB,PERENNIAL,NA,FALSE,NA,NA,NonNoxPerenForbCover 
BORE6,ARHOR,Arabis holboellii var. retrofracta,Boechera retrofracta,NONWOODY,FORB,PERENNIAL,NA,FALSE,NA,NA,NonNoxPerenForbCover 
STCO6,STCOC,Streptanthus cordatus,Streptanthus cordatus var. cordatus,NONWOODY,FORB,PERENNIAL,NA,FALSE,NA,NA,NonNoxPerenForbCover 
ASAS,ASASA,Asclepias asperula,Asclepias asperula ssp. asperula,NONWOODY,FORB,PERENNIAL,NA,FALSE,NA,NA,NonNoxPerenForbCover 
COMAN,COUMP,Comandra,Comandra umbellata ssp. pallida,NONWOODY,FORB,PERENNIAL,NA,FALSE,NA,NA,NonNoxPerenForbCover 
ECTRT,ECTR,Echinocereus triglochidiatus var. triglochidiatus ,Echinocereus triglochidiatus,NONWOODY,FORB,PERENNIAL,NA,FALSE,CAM,NA,NonNoxSucculentCover 
RHTRA,RHTRT,Rhus trilobata var. anisophylla,Rhus trilobata var. trilobata,WOODY,SHRUB,PERENNIAL,NA,FALSE,NA,NA,NonNoxShrubCover 
ZIELE,ZIELE,Zigadenus elegans,Zigadenus elegans,NONWOODY,FORB,PERENNIAL,NA,FALSE,NA,NA,NonNoxPerenForbCover 
ASGL3,EUGLG2,Eurybia glauca var. glauca,Herrickia glauca var. glauca,NONWOODY,FORB,PERENNIAL,NA,FALSE,NA,NA,NonNoxPerenForbCover 
ASPU9,ASPUP7,Astragalus purshii var. purshii,Astragalus purshii var. purshii,NONWOODY,FORB,PERENNIAL,NA,FALSE,NA,NA,NonNoxPerenForbCover 
BROB,BROBL,Brickellia oblongifolia var. linifolia,Brickellia oblongifolia var. linifolia,WOODY,SUBSHRUB,PERENNIAL,NA,FALSE,NA,NA,NonNoxSubShrubCover 
CLCO2,CLCOC2,Clematis columbiana,Clematis columbiana var. columbiana,NONWOODY,FORB,PERENNIAL,NA,FALSE,NA,NA,NonNoxPerenForbCover 
ASOO3,ASOOC,Astragalus oophorus,Astragalus oophorus var. caulescens,NONWOODY,FORB,PERENNIAL,NA,FALSE,NA,NA,NonNoxPerenForbCover 
DEIN13,DEINI2,Descurainia incisa ssp. incisa,Descurainia incisa ssp. incisa,NONWOODY,FORB,PERENNIAL,NA,FALSE,NA,NA,NonNoxPerenForbCover 
MESAS,MESA,Medicago sativa,Medicago sativa,NONWOODY,FORB,PERENNIAL,NA,TRUE,NA,NA,NoxPerenForbCover 
GIAG,IPAG,Ipomopsis aggregata,Ipomopsis aggregata,NONWOODY,FORB,PERENNIAL,NA,FALSE,NA,NA,NonNoxPerenForbCover 
MARA7,MARAA,Maianthemum racemosum ssp. amplexicaule,Maianthemum racemosum ssp. amplexicaule,NONWOODY,FORB,PERENNIAL,NA,FALSE,NA,NA,NonNoxPerenForbCover 
MILIL,MILI3,Mirabilis linearis,Mirabilis linearis var. linearis,NONWOODY,FORB,PERENNIAL,NA,FALSE,NA,NA,NonNoxPerenForbCover 
CHBE4,CHBEZ,Chenopodium berlandieri,Chenopodium berlandieri var. zschackii,NONWOODY,FORB,ANNUAL,NA,FALSE,NA,NA,NonNoxAnnForbCover 
ORHY,ACHY,Ozyzopsis hymenoides,Achnatherum hymenoides,NONWOODY,GRAMINOID,PERENNIAL,NA,FALSE,C3,NA,NonNoxPerenGrassCover 
ORPA4,CRPA6,Cryptantha paradoxa,Oreocarya paradoxa,NONWOODY,FORB,PERENNIAL,NA,FALSE,NA,NA,NonNoxPerenForbCover 
RAGL,RAGLE,Ranunculus glaberrimus,Ranunculus glaberrimus var. ellipticus,NONWOODY,FORB,PERENNIAL,NA,FALSE,NA,NA,NonNoxPerenForbCover 
SAKA,SATR12,Salsosa kali,Salsola tragus,NONWOODY,FORB,ANNUAL,NA,FALSE,NA,NA,NonNoxAnnForbCover 
SYSPS,SYSP,Symphyotrichum spathulatum var. spathulatum,Symphyotrichum spathulatum,NONWOODY,FORB,PERENNIAL,NA,FALSE,NA,NA,NonNoxPerenForbCover 
TRDUM,TRDU,Tragopogon dubius,Tragopogon dubius,NONWOODY,FORB,ANNUAL,NA,TRUE,NA,NA,NoxAnnPerenForbCover
ASGL10,EUGLG2,Eurybia glauca var. glauca,Herrickia glauca var. glauca,NONWOODY,FORB,PERENNIAL,NA,FALSE,NA,NA,NonNoxPerenForbCover 
PHLOL2,PHLO2,Phlox longifolia ssp. longifolia,Phlox longifolia,NONWOODY,FORB,PERENNIAL,NA,FALSE,NA,NA,NonNoxPerenForbCover 
TRGYG,TRGY,Trifolium gymnocarpon ssp. Gymnocarpon,Trifolium gymnocarpon,NONWOODY,FORB,PERENNIAL,NA,FALSE,NA,NA,NonNoxPerenForbCover 
JUBA,JUARL,Juncus arcticus ssp. littoralis,Juncus arcticus ssp. Littoralis,NONWOODY,GRAMINOID,PERENNIAL,NA,FALSE,C3,NA,NonNoxPerenGrassCover 
CRACA,CRAC2,Crepis acuminata ssp. Acuminata,Crepis acuminata,NONWOODY,FORB,PERENNIAL,NA,FALSE,NA,NA,NonNoxPerenForbCover 
LUAR10,LUSES2,Lupinus bakeri,Lupinus sericeus ssp. sericeus,NONWOODY,FORB,PERENNIAL,NA,FALSE,NA,NA,NonNoxPerenForbCover 
PHACA,PHAC4,Physaria acutifolia,Physaria acutifolia,NONWOODY,FORB,PERENNIAL,NA,FALSE,NA,NA,NonNoxPerenForbCover 
PHPRN,PHPR3,Phleum pratense,Phleum pratense,NONWOODY,GRAMINOID,PERENNIAL,NA,TRUE,C3,NA,NoxPerenGrassCover 
ACNEN2,ACNE9,Achnatherum nelsonii ssp. Nelsonii,Achnatherum nelsonii,NONWOODY,GRAMINOID,PERENNIAL,NA,TRUE,C3,NA,NonNoxPerenGrassCover 
ACNE9,ACNE9,Achnatherum nelsonii ssp. Nelsonii,Achnatherum nelsonii,NONWOODY,GRAMINOID,PERENNIAL,NA,TRUE,C3,NA,NonNoxPerenGrassCover 
ASCR,ASCRC2,Asclepias cryptoceras,Asclepias cryptoceras ssp. cryptoceras,NONWOODY,FORB,PERENNIAL,NA,FALSE,NA,NA,NonNoxPerenForbCover 
CHER4,BOER4,Bouteloua eriopoda,Bouteloua eriopoda,NONWOODY,GRAMINOID,PERENNIAL,NA,FALSE,C4,NA,NonNoxPerenGrassCover 
DECA18,DECE,Deschampsia cespitosa,Deschampsia cespitosa,NONWOODY,GRAMINOID,PERENNIAL,NA,FALSE,C4,NA,NonNoxPerenGrassCover 
HEBOB2,HEBO,Hedysarum boreale ssp boreale,Hedysarum boreale,NONWOODY,FORB,PERENNIAL,NA,FALSE,NA,NA,NonNoxPerenForbCover 
OREOC,ORPA3,Oreochrysum,Oreochrysum parryi,NONWOODY,FORB,PERENNIAL,NA,FALSE,NA,NA,NonNoxPerenForbCover 
LALE2,LALA3,Lathyrus lanszwertii,Lathyrus lanszwertii,NONWOODY,FORB,PERENNIAL,NA,FALSE,NA,NA,NonNoxPerenForbCover 
PLEUR12,PLJA,Pleuraphis jamesii,Hilaria jamesii,NONWOODY,GRAMINOID,PERENNIAL,NA,FALSE,C4,NA,NonNoxPerenGrassCover 
SESE2,SESEA,Senecio serra,Senecio serra var. admirabilis,NONWOODY,FORB,PERENNIAL,NA,FALSE,NA,NA,NonNoxPerenForbCover 
YUBAV,YUBA,Yucca baccata,Yucca baccata,WOODY,SHRUB,PERENNIAL,NA,FALSE,NA,NA,NonNoxShrubCover 
MABI,MABIB,Machaeranthera bigelovii var. bigelovii,Dieteria bigelovii var. bigelovii,NONWOODY,FORB,PERENNIAL,NA,FALSE,NA,NA,NonNoxPerenForbCover 
BRINI,BRIN2,Bromus inermis,Bromus inermis,NONWOODY,GRAMINOID,PERENNIAL,NA,TRUE,C3,NA,NoxPerenGrassCover 
CHVIA4,CHVIV2,Chrysothamnus viscidiflorus ssp. Axillaris,Chrysothamnus viscidiflorus var. viscidiflorus,WOODY,SHRUB,PERENNIAL,NA,FALSE,NA,NA,NonNoxShrubCover 
LOTRP,LOSIS,Lomatium simplex var. simplex,Lomatium triternatum var. platycarpum,NONWOODY,FORB,PERENNIAL,NA,FALSE,NA,NA,NonNoxPerenForbCover 
OPAR4,OPPH,Opuntia phaeacantha,Opuntia phaeacantha,WOODY,SUCCULENT,PERENNIAL,NA,FALSE,CAM,NA,NonNoxSucculentCover 
BOPA14,ARPA35,Arabis pallidifolia,Boechera pallidifolia,NONWOODY,FORB,PERENNIAL,NA,FALSE,NA,NA,NonNoxPerenForbCover 
EQHY,EQHYA,Equisetum hyemale,Equisetum hyemale ssp. affine,NONWOODY,FORB,PERENNIAL,NA,FALSE,NA,NA,NonNoxPerenForbCover 
ERBR5,ERBRB4,Eriogonum brevicaule,Eriogonum brevicaule var. brevicaule,WOODY,SUBSHRUB,PERENNIAL,NA,FALSE,NA,NA,NonNoxSubShrubCover 
ERCOC13,ARCOC4,Arenaria congesta var. congesta,Eremogone congesta var. congesta,NONWOODY,FORB,PERENNIAL,NA,FALSE,NA,NA,NonNoxPerenForbCover 
ARFO5,ARPUP,Arabis pulchra var. pallens,Boechera formosa,NONWOODY,FORB,PERENNIAL,NA,FALSE,NA,NA,NonNoxPerenForbCover 
ELELB,ELEL5,Elymus elymoides,Elymus elymoides,NONWOODY,GRAMINOID,PERENNIAL,NA,FALSE,C3,NA,NonNoxPerenGrassCover 
HYCAC,HYCA4,Hydrophyllum capitatum var. capitatum,Hydrophyllum capitatum var. capitatum,NONWOODY,FORB,PERENNIAL,NA,FALSE,NA,NA,NonNoxPerenForbCover 
HYFE,HYFEF,Hydrophyllum fendleri var. fendleri,Hydrophyllum fendleri var. fendleri,NONWOODY,FORB,PERENNIAL,NA,FALSE,NA,NA,NonNoxPerenForbCover 
JUARB5,JUARL,Juncus arcticus ssp. littoralis,Juncus arcticus var. balticus,NONWOODY,GRAMINOID,PERENNIAL,NA,FALSE,C3,NA,NonNoxPerenGrassCover 
SYOR2,SYRO,Symphoricarpos oreophilus,Symphoricarpos rotundifolius,WOODY,SHRUB,PERENNIAL,NA,FALSE,NA,RESPROUT,NonNoxShrubCover 
ELTR,ELTR7,Elymus trachycaulus,Elymus trachycaulus,NONWOODY,GRAMINOID,PERENNIAL,NA,FALSE,C3,NA,NonNoxPerenGrassCover 
JUOC,JUOS,Juniperus osteosperma,Juniperus osteosperma,NA,TREE,PERENNIAL,NA,FALSE,NA,NA,NonNoxTreeCover 
MATA,MATA2,Machaeranthera tanacetifolia,Machaeranthera tanacetifolia,NONWOODY,FORB,ANNUAL,NA,FALSE,NA,NA,NonNoxAnnForbCover 
ESVI2,ESVIV,Escobaria vivipara var. vivipara,Coryphantha vivipara,WOODY,SUCCULENT,PERENNIAL,NA,FALSE,NA,NA,NonNoxSucculentCover 
ERAB3,ERCO27,Erigeron concinnus,Erigeron concinnus,NA,FORB,PERENNIAL,NA,FALSE,NA,NA,NonNoxPerenForbCover 
LAOC2,LAOC3,Lappula occidentalis,Lappula occidentalis,NA,FORB,ANNUAL,NA,FALSE,NA,NA,NonNoxAnnForbCover 
HEMI2,HEMI2,Helianthella microcephala,Helianthella microcephala,NONWOODY,FORB,PERENNIAL,NA,FALSE,NA,NA,NonNoxPerenForbCover 
OECA10,OECA10,Oenothera cespitosa,Oenothera cespitosa,NONWOODY,FORB,PERENNIAL,NA,FALSE,NA,NA,NonNoxPerenForbCover 
BRPO2,BRPO2,Bromus porteri,Bromus porteri,NONWOODY,GRAMINOID,PERENNIAL,NA,FALSE,C3,NA,NonNoxPerenGrassCover 
PECA4,PECA4,Penstemon caespitosus,Penstemon caespitosus,NONWOODY,FORB,PERENNIAL,NA,FALSE,NA,NA,NonNoxPerenForbCover 
ASMU3,ASMU3,Astragalus musiniensis,Astragalus musiniensis,NONWOODY,FORB,PERENNIAL,NA,FALSE,NA,NA,NonNoxPerenForbCover 
PECE,PECE,Pedicularis centranthera,Pedicularis centranthera,NONWOODY,FORB,PERENNIAL,NA,FALSE,NA,NA,NonNoxPerenForbCover 
CALI4,CALI4,Castilleja linariifolia,Castilleja linariifolia,NONWOODY,FORB,PERENNIAL,NA,FALSE,NA,NA,NonNoxPerenForbCover 
VIAD,VIAD,Viola adunca,Viola adunca,NONWOODY,FORB,PERENNIAL,NA,FALSE,NA,NA,NonNoxPerenForbCover 
CAVA3,CAVA3,Carex vallicola,Carex vallicola,NONWOODY,SEDGE,PERENNIAL,NA,FALSE,NA,NA,NonNoxPerenSedgeCover 
LELU,LELU,Lesquerella ludoviciana,Lesquerella ludoviciana,NONWOODY,FORB,PERENNIAL,NA,FALSE,NA,NA,NonNoxPerenForbCover 
ERGO,ERGO,Eriogonum gordonii,Eriogonum gordonii,NONWOODY,FORB,ANNUAL,NA,FALSE,NA,NA,NonNoxAnnForbCover 
MAVU,MAVU,Marrubium vulgare,Marrubium vulgare,NONWOODY,FORB,PERENNIAL,NON-NATIVE,TRUE,NA,NA,NoxPerenForbCover 
PSSP6,PSSP6,Pseudoroegneria spicata,Pseudoroegneria spicata,NONWOODY,GRAMINOID,PERENNIAL,NA,FALSE,C3,NA,NonNoxPerenGrassCover 
XASP2,XASP2,Xanthium spinosum,Xanthium spinosum,NONWOODY,FORB,ANNUAL,NON-NATIVE,TRUE,NA,NA,NoxAnnForbCover 
PEAR7,PEAR7,Pediomelum aromaticum,Pediomelum aromaticum,NONWOODY,FORB,PERENNIAL,NA,FALSE,NA,NA,NonNoxPerenForbCover 
ALLE7,ALLE7,Aliciella leptomeria,Aliciella leptomeria,NONWOODY,FORB,ANNUAL,NA,FALSE,NA,NA,NonNoxAnnForbCover 
BUAR3,BUAR3,Buglossoides arvensis,Lithospermum arvense,NONWOODY,FORB,ANNUAL,NON-NATIVE,TRUE,NA,NA,NoxAnnForbCover 
DECA6,DECA6,Descurainia californica,Descurainia californica,NONWOODY,FORB,ANNUAL,NA,FALSE,NA,NA,NonNoxAnnForbCover 
CANUM2,CANU4,Carduus nutans,Carduus nutans,NONWOODY,FORB,PERENNIAL,NON-NATIVE,TRUE,NA,NA,NoxPerenForbCover 
ARPUL,ARPUL,Aristida purpurea,,,,,,,,,
