"SYMBOL_AIM","SYMBOL_USDA","BINOMIAL_NAT","BINOMIAL_ACKER","FUNCTIONAL","GROWTHHABIT","GROWTHHABITSUB","DURATION","NATIVITY","INVASIVE","PHOTOSYNTHETIC","RESPROUT"
"ZIEL2","ZIELE","Zigadenus elegans","Zigadenus elegans","NonNoxPerenForbCover ","NONWOODY","FORB","PERENNIAL","NATIVE","FALSE",NA,NA
"ERFL","ERFL","Erigeron flagellaris","Erigeron flagellaris","NonNoxPerenForbCover ","NONWOODY","FORB","PERENNIAL","NATIVE","FALSE",NA,NA
"ACRE3","ACRE3","Acroptilon repens","Acroptilon repens","NoxPerenForbCover ","NONWOODY","FORB","PERENNIAL","INTRODUCED","TRUE",NA,NA
"TARA","TACH","Tamarix chinensis","Tamarix chinensis","NoxShrubCover ","WOODY","SHRUB","PERENNIAL","INTRODUCED","TRUE",NA,NA
"BASC5","BASC5","Bassia scoparia","Kochia scoparia","NoxAnnForbCover ","NONWOODY","FORB","ANNUAL","INTRODUCED","TRUE",NA,NA
"PEPA8","PEPA8","Penstemon palmeri","Penstemon palmeri","NonNoxPerenForbCover ","NONWOODY","FORB","PERENNIAL","NATIVE","FALSE",NA,NA
"KOAM","BAAM4","Bassia americana","Kochia americana","NonNoxSubShrubCover ","WOODY","SUBSHRUB","PERENNIAL","NATIVE","FALSE",NA,NA
"PHCRC","PHCRC","Phacelia crenulata var. corrugata","Phacelia crenulata var. corrugata","NonNoxAnnForbCover ","NONWOODY","FORB","ANNUAL","NATIVE","FALSE",NA,NA
"SYRO","SYRO","Symphoricarpos rotundifolius","Symphoricarpos rotundifolius","NonNoxShrubCover ","WOODY","SHRUB","PERENNIAL","NATIVE","FALSE",NA,"RESPROUT"
"PERA4","PERA4","Peraphyllum ramosissimum","Peraphyllum ramosissimum","NonNoxShrubCover ","WOODY","SHRUB","PERENNIAL","NATIVE","FALSE",NA,"NON-RESPROUT"
"EREA","EREAE","Erigeron eatonii var. eatonii","Erigeron eatonii var. eatonii","NonNoxPerenForbCover ","NONWOODY","FORB","PERENNIAL","NATIVE","FALSE",NA,NA
"AF00","AF00",NA,NA,"NonNoxAnnForbCover ","NONWOODY","FORB","ANNUAL",NA,"FALSE",NA,NA
"PECO5","PECO5","Penstemon comarrhenus","Penstemon comarrhenus","NonNoxPerenForbCover ","NONWOODY","FORB","PERENNIAL","NATIVE","FALSE",NA,NA
"PG00","PG00",NA,NA,"NonNoxPerenGrassCover ","NONWOODY","GRAMINOID","PERENNIAL",NA,"FALSE",NA,NA
"PUPA5","PUPAM","Pulsatilla patens ssp. multifida","Anemone patens var. multifida","NonNoxPerenForbCover ","NONWOODY","FORB","PERENNIAL","NATIVE","FALSE",NA,NA
"TAOF","TAOF","Taraxacum officinale","Taraxacum officinale","NoxPerenForbCover ","NONWOODY","FORB","PERENNIAL","BOTH","TRUE",NA,NA
"SELA","SELA","Sedum lanceolatum","Sedum lanceolatum","NonNoxPerenForbCover ","NONWOODY","FORB","PERENNIAL","NATIVE","FALSE",NA,NA
"LUBR2","LUBR2","Lupinus brevicaulis","Lupinus brevicaulis","NonNoxAnnForbCover ","NONWOODY","FORB","ANNUAL","NATIVE","FALSE",NA,NA
"CRFL5","CRFL5","Cryptantha flava","Oreocarya flava","NonNoxPerenForbCover ","NONWOODY","FORB","PERENNIAL","NATIVE","FALSE",NA,NA
"THEL","THEL","Thelypodiopsis elegans","Thelypodiopsis elegans","NonNoxAnnForbCover ","NONWOODY","FORB","ANNUAL","NATIVE","FALSE",NA,NA
"PHLO2","PHLO2","Phlox longifolia","Phlox longifolia","NonNoxPerenForbCover ","NONWOODY","FORB","PERENNIAL","NATIVE","FALSE",NA,NA
"LUAR3","LUAR3","Lupinus argenteus","Lupinus argenteus","NonNoxPerenForbCover ","NONWOODY","FORB","PERENNIAL","NATIVE","FALSE",NA,NA
"HEFO9","HEVIF","Heterotheca villosa var. foliosa","Heterotheca foliosa","NonNoxPerenForbCover ","NONWOODY","FORB","PERENNIAL","NATIVE","FALSE",NA,NA
"AF03","AF03",NA,NA,"NonNoxAnnForbCover ","NONWOODY","FORB","ANNUAL",NA,"FALSE",NA,NA
"MIMUG","MIMUG","Mirabilis multiflora var. glandulosa","Mirabilis multiflora var. glandulosa","NonNoxPerenForbCover ","NONWOODY","FORB","PERENNIAL","NATIVE","FALSE",NA,NA
"CHSC","CHSC","Chamaechaenactis scaposa","Chamaechaenactis scaposa","NonNoxPerenForbCover ","NONWOODY","FORB","PERENNIAL","NATIVE","FALSE",NA,NA
"ASAM5","ASAMV","Astragalus amphioxys var. vespertinus","Astragalus amphioxys var. vespertinus","NonNoxPerenForbCover ","NONWOODY","FORB","PERENNIAL","NATIVE","FALSE",NA,NA
"LECI4","LECI4","Leymus cinereus","Leymus cinereus","NonNoxPerenGrassCover ","NONWOODY","GRAMINOID","PERENNIAL","NATIVE","FALSE","C3",NA
"ACLE9","ACLE9","Achnatherum lettermanii","Achnatherum lettermanii","NonNoxPerenGrassCover ","NONWOODY","GRAMINOID","PERENNIAL","NATIVE","FALSE","C3",NA
"HOJU","HOJU","Hordeum jubatum","Hordeum jubatum","NonNoxAnnGrassCover ","NONWOODY","GRAMINOID","ANNUAL","NATIVE","FALSE","C3",NA
"ANPA4","ANPA4","Antennaria parvifolia","Antennaria parvifolia","NonNoxPerenForbCover ","NONWOODY","FORB","PERENNIAL","NATIVE","FALSE",NA,NA
"STAM2","STAM2","Streptopus amplexifolius","Streptopus amplexifolius","NonNoxPerenForbCover ","NONWOODY","FORB","PERENNIAL","BOTH","FALSE",NA,NA
"THIN","THIN","Thelypodium integrifolium","Thelypodium integrifolium","NonNoxAnnForbCover ","NONWOODY","FORB","ANNUAL","NATIVE","FALSE",NA,NA
"ERCA14","ERCA14","Erysimum capitatum","Erysimum capitatum","NonNoxPerenForbCover ","NONWOODY","FORB","PERENNIAL","NATIVE","FALSE",NA,NA
"COUM","COUMP","Comandra umbellata ssp. pallida","Comandra umbellata ssp. pallida","NonNoxPerenForbCover ","NONWOODY","FORB","PERENNIAL","NATIVE","FALSE",NA,NA
"PECY4","PECY4","Penstemon cyanocaulis","Penstemon cyanocaulis","NonNoxPerenForbCover ","NONWOODY","FORB","PERENNIAL","NATIVE","FALSE",NA,NA
"LALA3","LALA3","Lathyrus lanszwertii","Lathyrus lanszwertii","NonNoxPerenForbCover ","NONWOODY","FORB","PERENNIAL","NATIVE","FALSE",NA,NA
"ERCO24","ARCOC4","Arenaria congesta var. congesta","Eremogone congesta var. congesta","NonNoxPerenForbCover ","NONWOODY","FORB","PERENNIAL","NATIVE","FALSE",NA,NA
"ERSP4","ERSP4","Erigeron speciosus","Erigeron speciosus","NonNoxPerenForbCover ","NONWOODY","FORB","PERENNIAL","NATIVE","FALSE",NA,NA
"CRAC2","CRAC2","Crepis acuminata","Crepis acuminata","NonNoxPerenForbCover ","NONWOODY","FORB","PERENNIAL","NATIVE","FALSE",NA,NA
"AF04","AF04",NA,NA,"NonNoxAnnForbCover ","NONWOODY","FORB","ANNUAL",NA,"FALSE",NA,NA
"PAST10","PAST10","Packera streptanthifolia","Packera streptanthifolia","NonNoxPerenForbCover ","NONWOODY","FORB","PERENNIAL","NATIVE","FALSE",NA,NA
"ASMO7","ASMO7","Astragalus mollissimus","Astragalus mollissimus","NonNoxPerenForbCover ","NONWOODY","FORB","PERENNIAL","NATIVE","FALSE",NA,NA
"PF70","PF70",NA,NA,"NonNoxPerenForbCover ","NONWOODY","FORB","PERENNIAL",NA,"FALSE",NA,NA
"YUBA2","YUBA","Yucca baccata","Yucca baccata var. baccata","NonNoxShrubCover ","WOODY","SHRUB","PERENNIAL","NATIVE","FALSE",NA,NA
"ARCO9","ARCO9","Arnica cordifolia","Arnica cordifolia","NonNoxPerenForbCover ","NONWOODY","FORB","PERENNIAL","NATIVE","FALSE",NA,NA
"VACE","VACE","Vaccinium cespitosum","Vaccinium cespitosum","NonNoxShrubCover ","WOODY","SHRUB","PERENNIAL","NATIVE","FALSE",NA,NA
"ABLA","ABLA","Abies lasiocarpa","Abies bifolia","NonNoxTreeCover ","WOODY","TREE","PERENNIAL","NATIVE","FALSE",NA,NA
"PERA","PERAA","Pedicularis racemosa ssp. alba","Pedicularis racemosa ssp. alba","NonNoxPerenForbCover ","NONWOODY","FORB","PERENNIAL","NATIVE","FALSE",NA,NA
"CHAN9","CHAN9","Chamerion angustifolium","Chamerion angustifolium","NonNoxPerenForbCover ","NONWOODY","FORB","PERENNIAL","NATIVE","FALSE",NA,NA
"PYCH","PYCH","Pyrola chlorantha","Pyrola chlorantha","NonNoxSubShrubCover ","WOODY","SUBSHRUB","PERENNIAL","NATIVE","FALSE",NA,NA
"LOIN5","LOIN5","Lonicera involucrata","Lonicera involucrata","NonNoxShrubCover ","WOODY","SHRUB","PERENNIAL","NATIVE","FALSE",NA,"RESPROUT"
"OSBE","OSBE","Osmorhiza berteroi","Osmorhiza berteroi","NonNoxPerenForbCover ","NONWOODY","FORB","PERENNIAL","NATIVE","FALSE",NA,NA
"SEBI2","SEBIH","Senecio bigelovii var. hallii","Senecio bigelovii var. hallii","NonNoxPerenForbCover ","NONWOODY","FORB","PERENNIAL","NATIVE","FALSE",NA,NA
"KOMA","KOMA","Koeleria macrantha","Koeleria macrantha","NonNoxPerenGrassCover ","NONWOODY","GRAMINOID","PERENNIAL","NATIVE","FALSE","C3",NA
"GABI","GABI","Galium bifolium","Galium bifolium","NonNoxAnnForbCover ","NONWOODY","FORB","ANNUAL","NATIVE","FALSE",NA,NA
"TOGL4","TOGL4","Townsendia glabella","Townsendia glabella","NonNoxPerenForbCover ","NONWOODY","FORB","PERENNIAL","NATIVE","FALSE",NA,NA
"GOOB2","GOOB2","Goodyera oblongifolia","Goodyera oblongifolia","NonNoxPerenForbCover ","NONWOODY","FORB","PERENNIAL","NATIVE","FALSE",NA,NA
"LEPE2","LEPE2","Lepidium perfoliatum","Lepidium perfoliatum","NoxAnnForbCover ","NONWOODY","FORB","ANNUAL","INTRODUCED","TRUE",NA,NA
"ALPA14","ALPA14","Almutaster pauciflorus","Almutaster pauciflorus","NonNoxPerenForbCover ","NONWOODY","FORB","PERENNIAL","NATIVE","FALSE",NA,NA
"MATA2","MATA2","Machaeranthera tanacetifolia","Machaeranthera tanacetifolia","NonNoxAnnForbCover ","NONWOODY","FORB","ANNUAL","NATIVE","FALSE",NA,NA
"COVI9","ESVIV","Escobaria vivipara var. vivipara","Coryphantha vivipara","NonNoxSucculentCover ","WOODY","SUCCULENT","PERENNIAL","NATIVE","FALSE",NA,NA
"ORLO","CRLO6","Cryptantha longiflora","Oreocarya longiflora","NonNoxPerenForbCover ","NONWOODY","FORB","PERENNIAL","NATIVE","FALSE",NA,NA
"PEBR9","PEBR9","Penstemon breviculus","Penstemon breviculus","NonNoxPerenForbCover ","NONWOODY","FORB","PERENNIAL","NATIVE","FALSE",NA,NA
"SH02","SH02",NA,NA,"NonNoxShrubCover ","WOODY","SHRUB","PERENNIAL",NA,"FALSE",NA,NA
"SH03","SH03",NA,NA,"NonNoxShrubCover ","WOODY","SHRUB","PERENNIAL",NA,"FALSE",NA,NA
"IPCO5","IPCO5","Ipomopsis congesta","Ipomopsis congesta","NonNoxPerenForbCover ","NONWOODY","FORB","PERENNIAL","NATIVE","FALSE",NA,NA
"RICE","RICE","Ribes cereum","Ribes cereum","NonNoxShrubCover ","WOODY","SHRUB","PERENNIAL","NATIVE","FALSE",NA,"NON-RESPROUT"
"BOST4","BOST4",NA,NA,"NonNoxPerenForbCover ","NONWOODY","FORB","PERENNIAL",NA,"FALSE",NA,NA
"ANSE4","ANSE4","Androsace septentrionalis","Androsace septentrionalis","NonNoxAnnForbCover ","NONWOODY","FORB","ANNUAL","NATIVE","FALSE",NA,NA
"PG04","PG04",NA,NA,"NonNoxPerenGrassCover ","NONWOODY","GRAMINOID","PERENNIAL",NA,"FALSE",NA,NA
"DRAU","DRAU","Draba aurea","Draba aurea","NonNoxPerenForbCover ","NONWOODY","FORB","PERENNIAL","NATIVE","FALSE",NA,NA
"ERRO2","ERCE2","Eriogonum cernuum","Eriogonum cernuum","NonNoxAnnForbCover ","NONWOODY","FORB","ANNUAL","NATIVE","FALSE",NA,NA
"SONE","SONEL","Solidago nemoralis var. longipetiolata","Solidago nemoralis var. decemflora","NonNoxPerenForbCover ","NONWOODY","FORB","PERENNIAL","NATIVE","FALSE",NA,NA
"BRAN","BRPO2","Bromus porteri","Bromus porteri","NonNoxPerenGrassCover ","NONWOODY","GRAMINOID","PERENNIAL","NATIVE","FALSE","C3",NA
"ERCO4","ERCO4","Erigeron compositus","Erigeron compositus","NonNoxPerenForbCover ","NONWOODY","FORB","PERENNIAL","NATIVE","FALSE",NA,NA
"HEPA11","HEPA11","Heuchera parvifolia","Heuchera parvifolia","NonNoxPerenForbCover ","NONWOODY","FORB","PERENNIAL","NATIVE","FALSE",NA,NA
"ARHI","ARHIP","Arabis hirsuta var. pycnocarpa","Arabis pycnocarpa var. pycnocarpa","NonNoxPerenForbCover ","NONWOODY","FORB","PERENNIAL","NATIVE","FALSE",NA,NA
"ERGR9","ERGRG3","Erythronium grandiflorum ssp. grandiflorum","Erythronium grandiflorum ssp. grandiflorum","NonNoxPerenForbCover ","NONWOODY","FORB","PERENNIAL","NATIVE","FALSE",NA,NA
"ALTE","ALTE","Allium textile","Allium textile","NonNoxPerenForbCover ","NONWOODY","FORB","PERENNIAL","NATIVE","FALSE",NA,NA
"ZIPA2","ZIPA2","Zigadenus paniculatus","Zigadenus paniculatus","NonNoxPerenForbCover ","NONWOODY","FORB","PERENNIAL","NATIVE","FALSE",NA,NA
"PG02","PG02",NA,NA,"NonNoxPerenGrassCover ","NONWOODY","GRAMINOID","PERENNIAL",NA,"FALSE",NA,NA
"COPA3","COPA3","Collinsia parviflora","Collinsia parviflora","NonNoxAnnForbCover ","NONWOODY","FORB","ANNUAL","NATIVE","FALSE",NA,NA
"PG03","PG03",NA,NA,"NonNoxPerenGrassCover ","NONWOODY","GRAMINOID","PERENNIAL",NA,"FALSE",NA,NA
"OECAM4","OECAM4","Oenothera caespitosa ssp. marginata","Oenothera cespitosa ssp. marginata","NonNoxPerenForbCover ","NONWOODY","FORB","PERENNIAL","NATIVE","FALSE",NA,NA
"CEIN7","CEIN7","Cercocarpus intricatus","Cercocarpus intricatus","NonNoxShrubCover ","WOODY","SHRUB","PERENNIAL","NATIVE","FALSE",NA,"NON-RESPROUT"
"PEEA","PEEA","Penstemon eatonii","Penstemon eatonii","NonNoxPerenForbCover ","NONWOODY","FORB","PERENNIAL","NATIVE","FALSE",NA,NA
"ASASC","ASASA","Asclepias asperula ssp. asperula","Asclepias asperula ssp. asperula","NonNoxPerenForbCover ","NONWOODY","FORB","PERENNIAL","NATIVE","FALSE",NA,NA
"CRCRE","CRCRE","Cryptantha crassisepala var. elachantha","Cryptantha crassisepala var. elachantha","NonNoxAnnForbCover ","NONWOODY","FORB","ANNUAL","NATIVE","FALSE",NA,NA
"IPCOC3","IPCOC3","Ipomopsis congesta ssp. congesta","Ipomopsis congesta ssp. congesta","NonNoxPerenForbCover ","NONWOODY","FORB","PERENNIAL","NATIVE","FALSE",NA,NA
"BOFE","ARFE","Arabis fendleri","Boechera fendleri","NonNoxPerenForbCover ","NONWOODY","FORB","PERENNIAL","NATIVE","FALSE",NA,NA
"SH01","SH01",NA,NA,"NonNoxShrubCover ","WOODY","SHRUB","PERENNIAL",NA,"FALSE",NA,NA
"TOEX2","TOEX2","Townsendia exscapa","Townsendia exscapa","NonNoxPerenForbCover ","NONWOODY","FORB","PERENNIAL","NATIVE","FALSE",NA,NA
"PSSP","PSSP",NA,NA,"NonNoxPerenForbCover ","NONWOODY","FORB","PERENNIAL",NA,"FALSE",NA,NA
"BRRA2","BRRA2","Bromus racemosus","Bromus commutatus","NoxAnnGrassCover ","NONWOODY","GRAMINOID","ANNUAL","INTRODUCED","TRUE","C3",NA
"BRRA2","BRRA2","Bromus racemosus","Bromus commutatus","NonNoxAnnGrassCover ","NONWOODY","GRAMINOID","ANNUAL","INTRODUCED","FALSE","C3",NA
"HEMU3","HEMU3","Heliomeris multiflora","Heliomeris multiflora","NonNoxPerenForbCover ","NONWOODY","FORB","PERENNIAL","NATIVE","FALSE",NA,NA
"RUHY","RUHY","Rumex hymenosepalus","Rumex hymenosepalus","NonNoxPerenForbCover ","NONWOODY","FORB","PERENNIAL","NATIVE","FALSE",NA,NA
"ERMIS2","ERMIS2","Eriogonum microthecum var. simpsonii","Eriogonum microthecum var. simpsonii","NonNoxShrubCover ","WOODY","SHRUB","PERENNIAL","NATIVE","FALSE",NA,NA
"ERMI4","ERMI4","Eriogonum microthecum","Eriogonum microthecum","NonNoxSubShrubCover ","WOODY","SUBSHRUB","PERENNIAL","NATIVE","FALSE",NA,"RESPROUT"
"ASCI4","ASCI4","Astragalus cicer","Astragalus cicer","NoxPerenForbCover ","NONWOODY","FORB","PERENNIAL","INTRODUCED","TRUE",NA,NA
"LUSE4","LUSES2","Lupinus sericeus ssp. sericeus","Lupinus sericeus var. sericeus","NonNoxPerenForbCover ","NONWOODY","FORB","PERENNIAL","NATIVE","FALSE",NA,NA
"BASA3","BASA3","Balsamorhiza sagittata","Balsamorhiza sagittata","NonNoxPerenForbCover ","NONWOODY","FORB","PERENNIAL","NATIVE","FALSE",NA,NA
"AF05","AF05",NA,NA,"NonNoxAnnForbCover ","NONWOODY","FORB","ANNUAL",NA,"FALSE",NA,NA
"ASPA14","ASPA14","Astragalus pattersonii","Astragalus pattersonii","NonNoxPerenForbCover ","NONWOODY","FORB","PERENNIAL","NATIVE","FALSE",NA,NA
"SIAL11","ALPE4","Alliaria petiolata","Alliaria petiolata","NoxAnnForbCover ","NONWOODY","FORB","ANNUAL","INTRODUCED","TRUE",NA,NA
"POBU","POBU","Poa bulbosa","Poa bulbosa","NoxPerenGrassCover ","NONWOODY","GRAMINOID","PERENNIAL","INTRODUCED","TRUE","C3",NA
"LIPO","LIPO","Ligusticum porteri","Ligusticum porteri","NonNoxPerenForbCover ","NONWOODY","FORB","PERENNIAL","NATIVE","FALSE",NA,NA
"PACA15","PACA15","Packera cana","Packera cana","NonNoxPerenForbCover ","NONWOODY","FORB","PERENNIAL","NATIVE","FALSE",NA,NA
"LIIN2","LIIN2","Lithospermum incisum","Lithospermum incisum","NonNoxPerenForbCover ","NONWOODY","FORB","PERENNIAL","NATIVE","FALSE",NA,NA
"AG00","AG00",NA,NA,"NonNoxAnnGrassCover ","NONWOODY","GRAMINOID","ANNUAL",NA,"FALSE",NA,NA
"ERAR25","ERJAF","Eriogonum jamesii var. flavescens","Eriogonum arcuatum","NonNoxPerenForbCover ","NONWOODY","FORB","PERENNIAL","NATIVE","FALSE",NA,NA
"BRMA4","BRCA5","Bromus carinatus","Bromus carinatus","NonNoxPerenGrassCover ","NONWOODY","GRAMINOID","PERENNIAL","NATIVE","FALSE","C3",NA
"CODI4","CODI4","Commelina dianthifolia","Commelina dianthifolia","NonNoxPerenForbCover ","NONWOODY","FORB","PERENNIAL","NATIVE","FALSE",NA,NA
"GABO2","GABO2","Galium boreale","Galium boreale","NonNoxPerenForbCover ","NONWOODY","FORB","PERENNIAL","NATIVE","FALSE",NA,NA
"PADI11","PACR5","Packera crocata","Packera crocata","NonNoxPerenForbCover ","NONWOODY","FORB","PERENNIAL","NATIVE","FALSE",NA,NA
"THFE","THFE","Thalictrum fendleri","Thalictrum fendleri","NonNoxPerenForbCover ","NONWOODY","FORB","PERENNIAL","NATIVE","FALSE",NA,NA
"HEMUM","HEMUM","Heliomeris multiflora var. multiflora","Heliomeris multiflora var. multiflora","NonNoxPerenForbCover ","NONWOODY","FORB","PERENNIAL","NATIVE","FALSE",NA,"RESPROUT"
"CISC2","CISC2","Cirsium scariosum","Cirsium scariosum","NonNoxPerenForbCover ","NONWOODY","FORB","PERENNIAL","NATIVE","FALSE",NA,NA
"ACNE9","ACNEN2","Achnatherum nelsonii","Achnatherum nelsonii","NonNoxPerenGrassCover ","NONWOODY","GRAMINOID","PERENNIAL","NATIVE","FALSE","C3",NA
"VETH","VETH","Verbascum thapsus","Verbascum thapsus","NoxAnnForbCover ","NONWOODY","FORB","ANNUAL","INTRODUCED","TRUE",NA,NA
"DAGL","DAGL","Dactylis glomerata","Dactylis glomerata","NoxPerenGrassCover ","NONWOODY","GRAMINOID","PERENNIAL","INTRODUCED","TRUE","C3",NA
"POTR5","POTR5","Populus tremuloides","Populus tremuloides","NonNoxTreeCover ","WOODY","TREE","PERENNIAL","NATIVE","FALSE",NA,NA
"AQCO","AQCO","Aquilegia coerulea","Aquilegia coerulea","NonNoxPerenForbCover ","NONWOODY","FORB","PERENNIAL","NATIVE","FALSE",NA,NA
"CYOF","CYOF","Cynoglossum officinale","Cynoglossum officinale","NoxPerenForbCover ","NONWOODY","FORB","PERENNIAL","INTRODUCED","TRUE",NA,NA
"GERI","GERI","Geranium richardsonii","Geranium richardsonii","NonNoxPerenForbCover ","NONWOODY","FORB","PERENNIAL","NATIVE","FALSE",NA,NA
"PEPR7","PEPR7","Pedicularis procera","Pedicularis procera","NonNoxPerenForbCover ","NONWOODY","FORB","PERENNIAL","NATIVE","FALSE",NA,NA
"MOFI","MOFIM2","Monarda fistulosa ssp. fistulosa var. menthifolia","Monarda fistulosa var. menthifolia","NonNoxPerenForbCover ","NONWOODY","FORB","PERENNIAL","NATIVE","FALSE",NA,NA
"LUPOP5","LUPR2","Lupinus prunophilus","Lupinus polyphyllus var. prunophilus","NonNoxPerenForbCover ","NONWOODY","FORB","PERENNIAL","NATIVE","FALSE",NA,NA
"AGRU","AGRU",NA,NA,"NonNoxPerenForbCover ","NONWOODY","FORB","PERENNIAL",NA,"FALSE",NA,NA
"RULA3","RULAA","Rudbeckia laciniata var. ampla","Rudbeckia laciniata var. ampla","NonNoxPerenForbCover ","NONWOODY","FORB","PERENNIAL","NATIVE","FALSE",NA,NA
"PHPR3","PHPR3","Phleum pratense","Phleum pratense","NoxPerenGrassCover ","NONWOODY","GRAMINOID","PERENNIAL","INTRODUCED","TRUE","C3",NA
"LITE2","LITE2","Ligusticum tenuifolium","Ligusticum tenuifolium","NonNoxPerenForbCover ","NONWOODY","FORB","PERENNIAL","NATIVE","FALSE",NA,NA
"MELU","MELU","Medicago lupulina","Medicago lupulina","NoxPerenForbCover ","NONWOODY","FORB","PERENNIAL","INTRODUCED","TRUE",NA,NA
"WYAR","WYAR","Wyethia arizonica","Wyethia arizonica","NonNoxPerenForbCover ","NONWOODY","FORB","PERENNIAL","NATIVE","FALSE",NA,NA
"SAOF4","SAOF4","Saponaria officinalis","Saponaria officinalis","NoxPerenForbCover ","NONWOODY","FORB","PERENNIAL","INTRODUCED","TRUE",NA,NA
"PLMA2","PLMA2","Plantago major","Plantago major","NoxPerenForbCover ","NONWOODY","FORB","PERENNIAL","INTRODUCED","TRUE",NA,NA
"LUARR2","LUARR","Lupinus argenteus var. rubricaulis","Lupinus argenteus var. rubricaulis","NonNoxPerenForbCover ","NONWOODY","FORB","PERENNIAL","NATIVE","FALSE",NA,NA
"KRLA","KRLA","Krameria lanceolata","Krameria lanceolata","NonNoxPerenForbCover ","NONWOODY","FORB","PERENNIAL","NATIVE","FALSE",NA,NA
"ERLO4","ERLO4","Eriogonum lonchophyllum","Eriogonum lonchophyllum","NonNoxSubShrubCover ","WOODY","SUBSHRUB","PERENNIAL","NATIVE","FALSE",NA,NA
"SOVE6","SOVE6","Solidago velutina","Solidago velutina ssp. sparsiflora","NonNoxPerenForbCover ","NONWOODY","FORB","PERENNIAL","NATIVE","FALSE",NA,NA
"SALA5","SALUL","Salix lucida ssp. lasiandra","Salix lasiandra","NonNoxShrubCover ","WOODY","SHRUB","PERENNIAL","NATIVE","FALSE",NA,NA
"SH04","SH04",NA,NA,"NonNoxShrubCover ","WOODY","SHRUB","PERENNIAL",NA,"FALSE",NA,NA
"ERVI22","CHVIV2","Chrysothamnus viscidiflorus ssp. viscidiflorus","Chrysothamnus viscidiflorus var. viscidiflorus","NonNoxShrubCover ","WOODY","SHRUB","PERENNIAL","NATIVE","FALSE",NA,NA
"SH05","SH05",NA,NA,"NonNoxShrubCover ","WOODY","SHRUB","PERENNIAL",NA,"FALSE",NA,NA
"AF02","AF02",NA,NA,"NonNoxAnnForbCover ","NONWOODY","FORB","ANNUAL",NA,"FALSE",NA,NA
"ELCA4","ELCA4","Elymus canadensis","Elymus canadensis","NonNoxPerenGrassCover ","NONWOODY","GRAMINOID","PERENNIAL","NATIVE","FALSE","C3",NA
"ERJA","ERJAJ","Eriogonum jamesii var. jamesii","Eriogonum jamesii var. jamesii","NonNoxPerenForbCover ","NONWOODY","FORB","PERENNIAL","NATIVE","FALSE",NA,NA
"SEIN2","SEIN2","Senecio integerrimus","Senecio integerrimus","NonNoxPerenForbCover ","NONWOODY","FORB","PERENNIAL","NATIVE","FALSE",NA,NA
"PG01","PG01",NA,NA,"NonNoxPerenGrassCover ","NONWOODY","GRAMINOID","PERENNIAL",NA,"FALSE",NA,NA
"AF01","AF01",NA,NA,"NonNoxAnnForbCover ","NONWOODY","FORB","ANNUAL",NA,"FALSE",NA,NA
"LASQ","LASQ","Lappula squarrosa","Lappula squarrosa","NonNoxAnnForbCover ","NONWOODY","FORB","ANNUAL","INTRODUCED","FALSE",NA,NA
"PG06000","PG06000",NA,NA,"NonNoxPerenGrassCover ","NONWOODY","GRAMINOID","PERENNIAL",NA,"FALSE",NA,NA
"DRCUC","DRCU","Draba cuneifolia","Draba cuneifolia","NonNoxAnnForbCover ","NONWOODY","FORB","ANNUAL","NATIVE","FALSE",NA,NA
"DENU2","DENU2","Delphinium nuttallianum","Delphinium nuttallianum","NonNoxPerenForbCover ","NONWOODY","FORB","PERENNIAL","NATIVE","FALSE",NA,NA
"EROVC2","EROVP2","Eriogonum ovalifolium var. purpureum","Eriogonum ovalifolium var. purpureum","NonNoxPerenForbCover ","NONWOODY","FORB","PERENNIAL","NATIVE","FALSE",NA,NA
"CRWA2","CRWA2","Cryptantha watsonii","Cryptantha watsonii","NonNoxAnnForbCover ","NONWOODY","FORB","ANNUAL","NATIVE","FALSE",NA,NA
"OEAL","OEAL","Oenothera albicaulis","Oenothera albicaulis","NonNoxAnnForbCover ","NONWOODY","FORB","ANNUAL","NATIVE","FALSE",NA,NA
"CHFR3","CHFR3","Chenopodium fremontii","Chenopodium fremontii","NonNoxAnnForbCover ","NONWOODY","FORB","ANNUAL","NATIVE","FALSE",NA,NA
"ORBA4","CRBA4","Cryptantha bakeri","Oreocarya bakeri","NonNoxPerenForbCover ","NONWOODY","FORB","PERENNIAL","NATIVE","FALSE",NA,NA
"CYFE","CYACF","Cymopterus acaulis var. fendleri","Cymopterus fendleri","NonNoxPerenForbCover ","NONWOODY","FORB","PERENNIAL","NATIVE","FALSE",NA,NA
"ABEL","ABEL","Abronia elliptica","Abronia elliptica","NonNoxPerenForbCover ","NONWOODY","FORB","PERENNIAL","NATIVE","FALSE",NA,NA
"GIOP","GIOP","Gilia ophthalmoides","Gilia ophthalmoides","NonNoxAnnForbCover ","NONWOODY","FORB","ANNUAL","NATIVE","FALSE",NA,NA
"MEAL6","MEAL6","Mentzelia albicaulis","Mentzelia albicaulis","NonNoxAnnForbCover ","NONWOODY","FORB","ANNUAL","NATIVE","FALSE",NA,NA
"BRJA","BRAR5","Bromus arvensis","Bromus japonicus","NoxAnnGrassCover ","NONWOODY","GRAMINOID","ANNUAL","INTRODUCED","TRUE",NA,NA
"RATE","CETE5","Ceratocephala testiculata","Ranunculus testiculatus","NonNoxAnnForbCover ","NONWOODY","FORB","ANNUAL","INTRODUCED","FALSE",NA,NA
"FEAR2","FEAR2","Festuca arizonica","Festuca arizonica","NonNoxPerenGrassCover ","NONWOODY","GRAMINOID","PERENNIAL","NATIVE","FALSE","C3",NA
"CHRU","CHRU","Chenopodium rubrum","Chenopodium rubrum","NonNoxAnnForbCover ","NONWOODY","FORB","ANNUAL","NATIVE","FALSE",NA,NA
"CYMO","CYMO","Cymopterus montanus","Cymopterus montanus","NonNoxPerenForbCover ","NONWOODY","FORB","PERENNIAL","NATIVE","FALSE",NA,NA
"AF06000","AF06000",NA,NA,"NonNoxAnnForbCover ","NONWOODY","FORB","ANNUAL",NA,"FALSE",NA,NA
"ARARA","ARARA","Artemisia arbuscula ssp. arbuscula","Artemisia arbuscula ssp. arbuscula","NonNoxShrubCover ","WOODY","SHRUB","PERENNIAL","NATIVE","FALSE",NA,"NON-RESPROUT"
"BOAR","BOBA2","Bouteloua barbata","Bouteloua barbata","NonNoxAnnGrassCover ","NONWOODY","GRAMINOID","ANNUAL","NATIVE","FALSE",NA,NA
"CHTE2","CHTE2","Chorispora tenella","Chorispora tenella","NoxAnnForbCover ","NONWOODY","FORB","ANNUAL","INTRODUCED","TRUE",NA,NA
"AF06006","AF06006",NA,NA,"NonNoxAnnForbCover ","NONWOODY","FORB","ANNUAL",NA,"FALSE",NA,NA
"LATA","LATAP","Lactuca tatarica var. pulchella","Lactuca tatarica var. pulchella","NonNoxPerenForbCover ","NONWOODY","FORB","PERENNIAL","NATIVE","FALSE",NA,NA
"PF06007","PF06007",NA,NA,"NonNoxPerenForbCover ","NONWOODY","FORB","PERENNIAL",NA,"FALSE",NA,NA
"MILI3","MILI3","Mirabilis linearis","Mirabilis lanceolata","NonNoxPerenForbCover ","NONWOODY","FORB","PERENNIAL","NATIVE","FALSE",NA,"RESPROUT"
"COAR4","COAR4","Convolvulus arvensis","Convolvulus arvensis","NoxPerenForbCover ","NONWOODY","FORB","PERENNIAL","INTRODUCED","TRUE",NA,NA
"HEBO","HEBO","Hedysarum boreale","Hedysarum boreale","NonNoxPerenForbCover ","NONWOODY","FORB","PERENNIAL","NATIVE","FALSE",NA,NA
"MASO","MASO","Malacothrix sonchoides","Malacothrix sonchoides","NonNoxAnnForbCover ","NONWOODY","FORB","ANNUAL","NATIVE","FALSE",NA,NA
"CHST","CHST","Chaenactis stevioides","Chaenactis stevioides","NonNoxAnnForbCover ","NONWOODY","FORB","ANNUAL","NATIVE","FALSE",NA,NA
"ASTE5","ASTE5","Astragalus tenellus","Astragalus tenellus","NonNoxPerenForbCover ","NONWOODY","FORB","PERENNIAL","NATIVE","FALSE",NA,NA
"HECO26","HECO26","Hesperostipa comata","Hesperostipa comata","NonNoxPerenGrassCover ","NONWOODY","GRAMINOID","PERENNIAL","NATIVE","FALSE","C3",NA
"PEDIO","PESI","Pediocactus simpsonii","Pediocactus simpsonii","NonNoxSucculentCover ","WOODY","SUCCULENT","PERENNIAL","NATIVE","FALSE",NA,NA
"CHALA","CHALA","Chenopodium album var. album","Chenopodium album var. album","NonNoxAnnForbCover ","NONWOODY","FORB","ANNUAL","INTRODUCED","FALSE",NA,NA
"LAOCC","LAOCC","Lappula occidentalis var. cupulata","Lappula occidentalis var. cupulata","NonNoxAnnForbCover ","NONWOODY","FORB","ANNUAL","NATIVE","FALSE",NA,NA
"EREL9","EREL9","Erigeron elatior","Erigeron elatior","NonNoxPerenForbCover ","NONWOODY","FORB","PERENNIAL","NATIVE","FALSE",NA,NA
"COAU2","COAU2","Corydalis aurea","Corydalis aurea","NonNoxAnnForbCover ","NONWOODY","FORB","ANNUAL","NATIVE","FALSE",NA,NA
"ERCA2","ERCA2","Erigeron caespitosus","Erigeron caespitosus","NonNoxPerenForbCover ","NONWOODY","FORB","PERENNIAL","NATIVE","FALSE",NA,NA
"CINE","CINE","Cirsium neomexicanum","Cirsium neomexicanum","NonNoxPerenForbCover ","NONWOODY","FORB","PERENNIAL","NATIVE","FALSE",NA,NA
"ECCOC","ECTR","Echinocereus triglochidiatus","Echinocereus triglochidiatus","NonNoxSucculentCover ","WOODY","SUCCULENT","PERENNIAL","NATIVE","FALSE",NA,NA
"PLLA","PLLA","Plantago lanceolata","Plantago lanceolata","NoxPerenForbCover ","NONWOODY","FORB","PERENNIAL","INTRODUCED","TRUE",NA,NA
"ERFO3","ERFO3","Erigeron formosissimus","Erigeron formosissimus","NonNoxPerenForbCover ","NONWOODY","FORB","PERENNIAL","NATIVE","FALSE",NA,NA
"CRGR3","CRGR3","Cryptantha gracilis","Cryptantha gracilis","NonNoxAnnForbCover ","NONWOODY","FORB","ANNUAL","NATIVE","FALSE",NA,NA
"PUST","PUST","Purshia stansburiana","Purshia stansburiana","NonNoxShrubCover ","WOODY","SHRUB","PERENNIAL","NATIVE","FALSE",NA,"NON-RESPROUT"
"SUNI","SUMO","Suaeda moquinii","Suaeda nigra","NonNoxSubShrubCover ","WOODY","SUBSHRUB","PERENNIAL","NATIVE","FALSE",NA,NA
"AGSC5","AGSC5","Agrostis scabra","Agrostis scabra","NonNoxPerenGrassCover ","NONWOODY","GRAMINOID","PERENNIAL","NATIVE","FALSE","C3",NA
"CHNA2","ERNA10","Ericameria nauseosa","Ericameria nauseosa","NonNoxShrubCover ","WOODY","SHRUB","PERENNIAL","NATIVE","FALSE",NA,NA
"CHCA4","CHCA4","Chenopodium capitatum","Chenopodium capitatum","NonNoxAnnForbCover ","NONWOODY","FORB","ANNUAL","NATIVE","FALSE",NA,NA
"ARSP5","PIDE4","Picrothamnus desertorum","Artemisia spinescens","NonNoxShrubCover ","WOODY","SHRUB","PERENNIAL","NATIVE","FALSE",NA,NA
"FEOC3","VUOC","Vulpia octoflora","Vulpia octoflora","NonNoxAnnGrassCover ","NONWOODY","GRAMINOID","ANNUAL","NATIVE","FALSE","C3",NA
"CHAT","CHAT","Chenopodium atrovirens","Chenopodium atrovirens","NonNoxAnnForbCover ","NONWOODY","FORB","ANNUAL","NATIVE","FALSE",NA,NA
"THAU3","THAU3","Thelypodiopsis aurea","Thelypodiopsis aurea","NonNoxPerenForbCover ","NONWOODY","FORB","PERENNIAL","NATIVE","FALSE",NA,NA
"EUBR","EUBR","Euphorbia brachycera","Euphorbia brachycera","NonNoxPerenForbCover ","NONWOODY","FORB","PERENNIAL","NATIVE","FALSE",NA,NA
"SIIR","SIIR",NA,NA,"NoxAnnForbCover ","NONWOODY","FORB","ANNUAL",NA,"TRUE",NA,NA
"COOR","COOR","Conringia orientalis","Conringia orientalis","NonNoxAnnForbCover ","NONWOODY","FORB","ANNUAL","INTRODUCED","FALSE",NA,NA
"AF06007","AF06007",NA,NA,"NonNoxAnnForbCover ","NONWOODY","FORB","ANNUAL",NA,"FALSE",NA,NA
"ERCO15","ERCO15","Erigeron consimilis","Erigeron consimilis","NonNoxPerenForbCover ","NONWOODY","FORB","PERENNIAL","NATIVE","FALSE",NA,NA
"METH","MEHUH","Mentzelia humilis var. humilis","Mentzelia thompsonii","NonNoxAnnForbCover ","NONWOODY","FORB","ANNUAL","NATIVE","FALSE",NA,NA
"AGPA14","AGGLL","Agoseris glauca var. laciniata","Agoseris parviflora","NonNoxPerenForbCover ","NONWOODY","FORB","PERENNIAL","NATIVE","FALSE",NA,NA
"ZIVE","ZIVEG","Zigadenus venenosus var. gramineus","Zigadenus paniculatus var. gramineus","NonNoxPerenForbCover ","NONWOODY","FORB","PERENNIAL","NATIVE","FALSE",NA,NA
"COCA5","COCA5","Conyza canadensis","Conyza canadensis","NonNoxAnnForbCover ","NONWOODY","FORB","ANNUAL","NATIVE","FALSE",NA,NA
"SYCI2","SYCI2","Symphyotrichum ciliatum","Symphyotrichum ciliatum","NonNoxAnnForbCover ","NONWOODY","FORB","ANNUAL","NATIVE","FALSE",NA,NA
"PODO4","PODO4","Polygonum douglasii","Polygonum douglasii","NonNoxAnnForbCover ","NONWOODY","FORB","ANNUAL","NATIVE","FALSE",NA,NA
"ALAC","ALAC4","Allium acuminatum","Allium acuminatum","NonNoxPerenForbCover ","NONWOODY","FORB","PERENNIAL","NATIVE","FALSE",NA,NA
"LOGRG2","LOGRG2","Lomatium grayi var. grayi","Lomatium grayi var. grayi","NonNoxPerenForbCover ","NONWOODY","FORB","PERENNIAL","NATIVE","FALSE",NA,NA
"CICL","CICL","Cirsium clavatum","Cirsium clavatum","NonNoxPerenForbCover ","NONWOODY","FORB","PERENNIAL","NATIVE","FALSE",NA,NA
"QUGAG","QUGA","Quercus gambelii","Quercus gambelii","NonNoxShrubCover ","WOODY","SHRUB","PERENNIAL","NATIVE","FALSE",NA,NA
"SILI5","SCLI","Schoenocrambe linifolia","Sisymbrium linifolium","NonNoxPerenForbCover ","NONWOODY","FORB","PERENNIAL","NATIVE","FALSE",NA,NA
"PEWA","PEWA","Penstemon watsonii","Penstemon watsonii","NonNoxPerenForbCover ","NONWOODY","FORB","PERENNIAL","NATIVE","FALSE",NA,NA
"AMUTU","AMUT","Amelanchier utahensis","Amelanchier alnifolia var. utahensis","NonNoxShrubCover ","WOODY","SHRUB","PERENNIAL","NATIVE","FALSE",NA,NA
"YUHAH","YUHA","Yucca harrimaniae","Yucca harrimaniae","NonNoxSucculentCover ","WOODY","SUCCULENT","PERENNIAL","NATIVE","FALSE",NA,NA
"TETO","TETO","Tetraneuris torreyana","Tetraneuris torreyana","NonNoxPerenForbCover ","NONWOODY","FORB","PERENNIAL","NATIVE","FALSE",NA,NA
"POPRP2","POPR","Poa pratensis","Poa pratensis","NoxPerenGrassCover ","NONWOODY","GRAMINOID","PERENNIAL","BOTH","TRUE","C3",NA
"AGAU2","AGAU2","Agoseris aurantiaca","Agoseris aurantiaca","NonNoxPerenForbCover ","NONWOODY","FORB","PERENNIAL","NATIVE","FALSE",NA,NA
"AF06016","AF06016",NA,NA,"NonNoxAnnForbCover ","NONWOODY","FORB","ANNUAL",NA,"FALSE",NA,NA
"AGHE2","AGHEH","Agoseris heterophylla var. heterophylla","Agoseris heterophylla var. heterophylla","NonNoxAnnForbCover ","NONWOODY","FORB","ANNUAL","NATIVE","FALSE",NA,NA
"PECR5","PECR5","Penstemon crandallii","Penstemon crandallii","NonNoxSubShrubCover ","WOODY","SUBSHRUB","PERENNIAL","NATIVE","FALSE",NA,NA
"TRRE3","TRRE3","Trifolium repens","Trifolium repens","NoxPerenForbCover ","NONWOODY","FORB","PERENNIAL","INTRODUCED","TRUE",NA,NA
"IPLO2","IPLO2","Ipomopsis longiflora","Ipomopsis longiflora","NonNoxAnnForbCover ","NONWOODY","FORB","ANNUAL","NATIVE","FALSE",NA,NA
"THRH","THRH","Thermopsis rhombifolia","Thermopsis rhombifolia","NonNoxPerenForbCover ","NONWOODY","FORB","PERENNIAL","NATIVE","FALSE",NA,NA
"AF06012","AF06012",NA,NA,"NonNoxAnnForbCover ","NONWOODY","FORB","ANNUAL",NA,"FALSE",NA,NA
"MIAL5","MIAL5","Mirabilis alipes","Mirabilis alipes","NonNoxPerenForbCover ","NONWOODY","FORB","PERENNIAL","NATIVE","FALSE",NA,NA
"PHBE2","PHBE2","Physaria bellii","Physaria bellii","NonNoxPerenForbCover ","NONWOODY","FORB","PERENNIAL","NATIVE","FALSE",NA,NA
"ASAS2","ASAS2","Astragalus asclepiadoides","Astragalus asclepiadoides","NonNoxPerenForbCover ","NONWOODY","FORB","PERENNIAL","NATIVE","FALSE",NA,NA
"ORFA","ORFA","Orobanche fasciculata","Orobanche fasciculata","NonNoxAnnForbCover ","NONWOODY","FORB","ANNUAL","NATIVE","FALSE",NA,NA
"NASI2","NASI2","Navarretia sinistra","Navarretia sinistra","NonNoxAnnForbCover ","NONWOODY","FORB","ANNUAL","NATIVE","FALSE",NA,NA
"AREAE","AREAE","Arenaria eastwoodiae var. eastwoodiae","Eremogone eastwoodiae var. eastwoodiae","NonNoxPerenForbCover ","NONWOODY","FORB","PERENNIAL","NATIVE","FALSE",NA,NA
"LEALE","LEALE","Lepidium alyssoides var. eastwoodiae","Lepidium eastwoodiae","NonNoxPerenForbCover ","NONWOODY","FORB","PERENNIAL","NATIVE","FALSE",NA,NA
"ASTH2","ASMOT","Astragalus mollissimus var. thompsoniae","Astragalus thompsoniae","NonNoxPerenForbCover ","NONWOODY","FORB","PERENNIAL","NATIVE","FALSE",NA,NA
"CASCS3","CASC18","Camissonia scapoidea","Chylismia scapoidea ssp. scapoidea","NonNoxAnnForbCover ","NONWOODY","FORB","ANNUAL","NATIVE","FALSE",NA,NA
"LYGR","LYGR","Lygodesmia grandiflora","Lygodesmia grandiflora","NonNoxPerenForbCover ","NONWOODY","FORB","PERENNIAL","NATIVE","FALSE",NA,NA
"COWR2","COWR2","Cordylanthus wrightii","Cordylanthus wrightii","NonNoxAnnForbCover ","NONWOODY","FORB","ANNUAL","NATIVE","FALSE",NA,NA
"SORO","SORO","Solanum rostratum","Solanum rostratum","NonNoxAnnForbCover ","NONWOODY","FORB","ANNUAL","NATIVE","FALSE",NA,NA
"PASM","PASM","Pascopyrum smithii","Pascopyrum smithii","NonNoxPerenGrassCover ","NONWOODY","GRAMINOID","PERENNIAL","NATIVE","FALSE","C3",NA
"BERE","MARE11","Mahonia repens","Berberis repens","NonNoxShrubCover ","WOODY","SHRUB","PERENNIAL","NATIVE","FALSE",NA,NA
"PIPOS","PIPOS","Pinus ponderosa var. scopulorum","Pinus ponderosa var. scopulorum","NonNoxTreeCover ","WOODY","TREE","PERENNIAL","NATIVE","FALSE",NA,NA
"HEDR","HEDR","Hedeoma drummondii","Hedeoma drummondii","NonNoxPerenForbCover ","NONWOODY","FORB","PERENNIAL","NATIVE","FALSE",NA,NA
"BEFE","BEFE","Berberis fendleri","Berberis fendleri","NonNoxShrubCover ","WOODY","SHRUB","PERENNIAL","NATIVE","FALSE",NA,"RESPROUT"
"ARPUP","ARPUP","Arabis pulchra var. pallens","Boechera formosa","NonNoxPerenForbCover ","NONWOODY","FORB","PERENNIAL","NATIVE","FALSE",NA,NA
"POSA19","POSA19","Polypodium saximontanum","Polypodium saximontanum","NonNoxPerenForbCover ","NONWOODY","FORB","PERENNIAL","NATIVE","FALSE",NA,NA
"THSA2","THSAS","Thelypodium sagittatum ssp. sagittatum","Thelypodium sagittatum ssp. sagittatum","NonNoxPerenForbCover ","NONWOODY","FORB","PERENNIAL","NATIVE","FALSE",NA,NA
"AF06025","AF06025",NA,NA,"NonNoxAnnForbCover ","NONWOODY","FORB","ANNUAL",NA,"FALSE",NA,NA
"ARCA12","ARCA12","Artemisia campestris","Artemisia campestris","NonNoxPerenForbCover ","NONWOODY","FORB","PERENNIAL","NATIVE","FALSE",NA,NA
"ASNU4","ASNUM2","Astragalus nuttallianus var. micranthiformis","Astragalus nuttallianus var. micranthiformis","NonNoxAnnForbCover ","NONWOODY","FORB","ANNUAL","NATIVE","FALSE",NA,NA
"PEME7","PEME7","Pediomelum megalanthum","Pediomelum megalanthum","NonNoxPerenForbCover ","NONWOODY","FORB","PERENNIAL","NATIVE","FALSE",NA,NA
"CANUM2","CANUM2",NA,NA,"NonNoxAnnForbCover ","NONWOODY","FORB","ANNUAL",NA,"FALSE",NA,NA
"TEGR3","TEGR3","Tetraneuris grandiflora","Hymenoxys grandiflora","NonNoxPerenForbCover ","NONWOODY","FORB","PERENNIAL","NATIVE","FALSE",NA,NA
"CYLE6","PSMO","Pseudocymopterus montanus","Cymopterus lemmonii","NonNoxPerenForbCover ","NONWOODY","FORB","PERENNIAL","NATIVE","FALSE",NA,NA
"HEPA","HEPA","Helianthella parryi","Helianthella parryi","NonNoxPerenForbCover ","NONWOODY","FORB","PERENNIAL","NATIVE","FALSE",NA,NA
"XASP","XASP2","Xanthium spinosum","Xanthium spinosum","NonNoxPerenForbCover ","NONWOODY","FORB","PERENNIAL","INTRODUCED","FALSE",NA,NA
"COLI2","COLI2","Collomia linearis","Collomia linearis","NonNoxAnnForbCover ","NONWOODY","FORB","ANNUAL","NATIVE","FALSE",NA,NA
"ERPA30","ERPA30","Ericameria parryi","Ericameria parryi","NonNoxShrubCover ","WOODY","SHRUB","PERENNIAL","NATIVE","FALSE",NA,"RESPROUT"
"SETA","SETA","Senecio taraxacoides","Senecio taraxacoides","NonNoxPerenForbCover ","NONWOODY","FORB","PERENNIAL","NATIVE","FALSE",NA,NA
"PEAN4","PEAN4","Penstemon angustifolius","Penstemon angustifolius","NonNoxPerenForbCover ","NONWOODY","FORB","PERENNIAL","NATIVE","FALSE",NA,NA
"ASLI5","ASLI5","Astragalus linifolius","Astragalus linifolius","NonNoxPerenForbCover ","NONWOODY","FORB","PERENNIAL","NATIVE","FALSE",NA,NA
"CRIN4","CRIN4","Crepis intermedia","Crepis intermedia","NonNoxPerenForbCover ","NONWOODY","FORB","PERENNIAL","NATIVE","FALSE",NA,NA
"DRPA2","DRPA2","Dracocephalum parviflorum","Dracocephalum parviflorum","NonNoxAnnForbCover ","NONWOODY","FORB","ANNUAL","NATIVE","FALSE",NA,NA
"WYAM","WYAM","Wyethia amplexicaulis","Wyethia amplexicaulis","NonNoxPerenForbCover ","NONWOODY","FORB","PERENNIAL","NATIVE","FALSE",NA,NA
"ORSE","ORSE","Orthilia secunda","Orthilia secunda","NonNoxSubShrubCover ","WOODY","SUBSHRUB","PERENNIAL","NATIVE","FALSE",NA,NA
"EREX4","EREX4","Erigeron eximius","Erigeron eximius","NonNoxPerenForbCover ","NONWOODY","FORB","PERENNIAL","NATIVE","FALSE",NA,NA
"BRCI2","BRCI2","Bromus ciliatus","Bromus ciliatus","NonNoxPerenGrassCover ","NONWOODY","GRAMINOID","PERENNIAL","NATIVE","FALSE","C3",NA
"SEAMH","SEAMH","Senecio amplectens var. holmii","Senecio amplectens var. holmii","NonNoxPerenForbCover ","NONWOODY","FORB","PERENNIAL","NATIVE","FALSE",NA,NA
"EPBR3","EPBR3","Epilobium brachycarpum","Epilobium brachycarpum","NonNoxAnnForbCover ","NONWOODY","FORB","ANNUAL","NATIVE","FALSE",NA,NA
"MANE","MANE","Malva neglecta","Malva neglecta","NoxAnnForbCover ","NONWOODY","FORB","ANNUAL","INTRODUCED","TRUE",NA,NA
"VIAM","VIAM","Vicia americana","Vicia americana","NonNoxPerenForbCover ","NONWOODY","FORB","PERENNIAL","NATIVE","FALSE",NA,NA
"SOCA6","SOCA6","Solidago canadensis","Solidago canadensis","NonNoxPerenForbCover ","NONWOODY","FORB","PERENNIAL","NATIVE","FALSE",NA,NA
"JUAR2","JUARL","Juncus arcticus ssp. littoralis","Juncus arcticus var. balticus","NonNoxPerenGrassCover ","NONWOODY","GRAMINOID","PERENNIAL","NATIVE","FALSE",NA,NA
"ERSP","ERSP","Eragrostis spectabilis","Eragrostis spectabilis","NonNoxPerenGrassCover ","NONWOODY","GRAMINOID","PERENNIAL","NATIVE","FALSE","C4",NA
"RUCR","RUCR","Rumex crispus","Rumex crispus","NoxPerenForbCover ","NONWOODY","FORB","PERENNIAL","INTRODUCED","TRUE",NA,NA
"CITR4","CIUNT","Cirsium undulatum var. tracyi","Cirsium tracyi","NonNoxPerenForbCover ","NONWOODY","FORB","PERENNIAL","NATIVE","FALSE",NA,NA
"POAR8","POAR8","Potentilla argentea","Potentilla argentea","NoxPerenForbCover ","NONWOODY","FORB","PERENNIAL","INTRODUCED","TRUE",NA,NA
"LUCA","LUCA","Lupinus caudatus","Lupinus caudatus","NonNoxPerenForbCover ","NONWOODY","FORB","PERENNIAL","NATIVE","FALSE",NA,NA
"CAGE","CAGE","Carex geophila","Carex geophila","NonNoxPerenGrassCover ","NONWOODY","GRAMINOID","PERENNIAL","NATIVE","FALSE",NA,NA
"POAV","POAV","Polygonum aviculare","Polygonum aviculare","NoxAnnForbCover ","NONWOODY","FORB","ANNUAL","INTRODUCED","TRUE",NA,NA
"ALGE","ALGE","Allium geyeri","Allium geyeri","NonNoxPerenForbCover ","NONWOODY","FORB","PERENNIAL","NATIVE","FALSE",NA,NA
"GYEL","GYEL","Gypsophila elegans","Gypsophila elegans","NoxAnnForbCover ","NONWOODY","FORB","ANNUAL","INTRODUCED","TRUE",NA,NA
"PERY","PERY","Penstemon rydbergii","Penstemon rydbergii","NonNoxPerenForbCover ","NONWOODY","FORB","PERENNIAL","NATIVE","FALSE",NA,NA
"ORLU2","ORLU2","Orthocarpus luteus","Orthocarpus luteus","NonNoxAnnForbCover ","NONWOODY","FORB","ANNUAL","NATIVE","FALSE",NA,NA
"CACH42","CACH42","Cardaria chalepensis","Lepidium chalapensis","NoxShrubCover ","WOODY","SHRUB","PERENNIAL","INTRODUCED","TRUE",NA,NA
"LILE3","LILE3","Linum lewisii","Linum lewisii","NonNoxPerenForbCover ","NONWOODY","FORB","PERENNIAL","NATIVE","FALSE",NA,NA
"GEMA4","GEMAP","Geum macrophyllum var. perincisum","Geum macrophyllum var. perincisum","NonNoxPerenForbCover ","NONWOODY","FORB","PERENNIAL","NATIVE","FALSE",NA,NA
"POGR9","POGR9","Potentilla gracilis","Potentilla gracilis","NonNoxPerenForbCover ","NONWOODY","FORB","PERENNIAL","NATIVE","FALSE",NA,NA
"SOSI3","SOSIS","Solidago simplex ssp. simplex","Solidago simplex var. simplex","NonNoxPerenForbCover ","NONWOODY","FORB","PERENNIAL","NATIVE","FALSE",NA,NA
"GAMUC","GACO2","Galium coloradoense","Galium multiflorum var. coloradoense","NonNoxPerenForbCover ","NONWOODY","FORB","PERENNIAL","NATIVE","FALSE",NA,NA
"POPA2","POPA2","Poa palustris","Poa palustris","NonNoxPerenGrassCover ","NONWOODY","GRAMINOID","PERENNIAL","NATIVE","FALSE","C3",NA
"STPII","STPII","Stanleya pinnata var. integrifolia","Stanleya pinnata var. integrifolia","NonNoxPerenForbCover ","NONWOODY","FORB","PERENNIAL","NATIVE","FALSE",NA,NA
"AF06039","AF06039",NA,NA,"NonNoxAnnForbCover ","NONWOODY","FORB","ANNUAL",NA,"FALSE",NA,NA
"SYCAC","SYCAC","Symphyotrichum campestre var. campestre","Symphyotrichum campestre","NonNoxPerenForbCover ","NONWOODY","FORB","PERENNIAL","NATIVE","FALSE",NA,NA
"HEMUN","HEMUN","Heliomeris multiflora var. nevadensis","Heliomeris multiflora var. nevadensis","NonNoxPerenForbCover ","NONWOODY","FORB","PERENNIAL","NATIVE","FALSE",NA,NA
"HEPU3","HEPU3","Helianthus pumilus","Helianthus pumilus","NonNoxPerenForbCover ","NONWOODY","FORB","PERENNIAL","NATIVE","FALSE",NA,NA
"DIBI8","MABIB","Machaeranthera bigelovii var. bigelovii","Dieteria bigelovii var. bigelovii","NonNoxPerenForbCover ","NONWOODY","FORB","PERENNIAL","NATIVE","FALSE",NA,NA
"OSOC","OSOC","Osmorhiza occidentalis","Osmorhiza occidentalis","NonNoxPerenForbCover ","NONWOODY","FORB","PERENNIAL","NATIVE","FALSE",NA,NA
"SEWO","SEWO","Senecio wootonii","Senecio wootonii","NonNoxPerenForbCover ","NONWOODY","FORB","PERENNIAL","NATIVE","FALSE",NA,NA
"PHYSA2","PHYSA2",NA,NA,"NonNoxPerenForbCover ","NONWOODY","FORB","PERENNIAL",NA,"FALSE",NA,NA
"AF06037","AF06037",NA,NA,"NonNoxAnnForbCover ","NONWOODY","FORB","ANNUAL",NA,"FALSE",NA,NA
"SH06000","SH06000",NA,NA,"NonNoxShrubCover ","WOODY","SHRUB","PERENNIAL",NA,"FALSE",NA,NA
"ENNU","ENNU","Enceliopsis nudicaulis","Enceliopsis nudicaulis","NonNoxPerenForbCover ","NONWOODY","FORB","PERENNIAL","NATIVE","FALSE",NA,NA
"CRMI5","CRMI5","Cryptantha minima","Cryptantha minima","NonNoxAnnForbCover ","NONWOODY","FORB","ANNUAL","NATIVE","FALSE",NA,NA
"FOME","GLSPM","Glossopetalon spinescens var. meionandrum","Forsellesia meionandra","NonNoxShrubCover ","WOODY","SHRUB","PERENNIAL","NATIVE","FALSE",NA,NA
"GAPIP2","GAPI","Gaillardia pinnatifida","Gaillardia pinnatifida","NonNoxPerenForbCover ","NONWOODY","FORB","PERENNIAL","NATIVE","FALSE",NA,NA
"CADO2","CADO2","Carex douglasii","Carex douglasii","NonNoxPerenGrassCover ","NONWOODY","GRAMINOID","PERENNIAL","NATIVE","FALSE",NA,NA
"MAST4","MAST4","Maianthemum stellatum","Maianthemum stellatum","NonNoxPerenForbCover ","NONWOODY","FORB","PERENNIAL","NATIVE","FALSE",NA,NA
"ELGL","ELGLG","Elymus glaucus ssp. glaucus","Elymus glaucus ssp. glaucus","NonNoxPerenGrassCover ","NONWOODY","GRAMINOID","PERENNIAL","NATIVE","FALSE","C3",NA
"AQEL","AQEL","Aquilegia elegantula","Aquilegia elegantula","NonNoxPerenForbCover ","NONWOODY","FORB","PERENNIAL","NATIVE","FALSE",NA,NA
"FRVI","FRVI","Fragaria virginiana","Fragaria virginiana","NonNoxPerenForbCover ","NONWOODY","FORB","PERENNIAL","NATIVE","FALSE",NA,NA
"ORPA3","ORPA3","Oreochrysum parryi","Oreochrysum parryi","NonNoxPerenForbCover ","NONWOODY","FORB","PERENNIAL","NATIVE","FALSE",NA,NA
"ACRU2","ACRU2","Actaea rubra","Actaea rubra","NonNoxPerenForbCover ","NONWOODY","FORB","PERENNIAL","NATIVE","FALSE",NA,NA
"SETR","SETR","Senecio triangularis","Senecio triangularis","NonNoxPerenForbCover ","NONWOODY","FORB","PERENNIAL","NATIVE","FALSE",NA,NA
"AF06048","AF06048",NA,NA,"NonNoxAnnForbCover ","NONWOODY","FORB","ANNUAL",NA,"FALSE",NA,NA
"MARAR","MARAA","Maianthemum racemosum ssp. amplexicaule","Maianthemum racemosum ssp. amplexicaule","NonNoxPerenForbCover ","NONWOODY","FORB","PERENNIAL","NATIVE","FALSE",NA,NA
"ROBL","BROBL","Brickellia oblongifolia var. linifolia","Brickellia oblongifolia var. linifolia","NonNoxSubShrubCover ","WOODY","SUBSHRUB","PERENNIAL","NATIVE","FALSE",NA,NA
"COSC2","COSC2","Conioselinum scopulorum","Conioselinum scopulorum","NonNoxPerenForbCover ","NONWOODY","FORB","PERENNIAL","NATIVE","FALSE",NA,NA
"VIAMA3","VIAMA3","Vicia americana ssp. americana","Vicia americana ssp. americana","NonNoxPerenForbCover ","NONWOODY","FORB","PERENNIAL","NATIVE","FALSE",NA,NA
"OSDE","OSDE","Osmorhiza depauperata","Osmorhiza depauperata","NonNoxPerenForbCover ","NONWOODY","FORB","PERENNIAL","NATIVE","FALSE",NA,NA
"SAMO2","SAMO2","Salix monticola","Salix monticola","NonNoxShrubCover ","WOODY","SHRUB","PERENNIAL","NATIVE","FALSE",NA,NA
"ASFL2","ASFL2","Astragalus flexuosus","Astragalus flexuosus","NonNoxPerenForbCover ","NONWOODY","FORB","PERENNIAL","NATIVE","FALSE",NA,NA
"ENNU4","ENNU4","Encelia nutans","Encelia nutans","NonNoxPerenForbCover ","NONWOODY","FORB","PERENNIAL","NATIVE","FALSE",NA,NA
"SPCOC","SPCO","Sphaeralcea coccinea","Sphaeralcea coccinea","NonNoxPerenForbCover ","NONWOODY","FORB","PERENNIAL","NATIVE","FALSE",NA,NA
"LESAS","LESAS","Leymus salinus ssp. salinus","Leymus salina ssp. salina","NonNoxPerenGrassCover ","NONWOODY","GRAMINOID","PERENNIAL","NATIVE","FALSE","C3",NA
"ORMI","ORMI",NA,NA,"NonNoxPerenForbCover ","NONWOODY","FORB","PERENNIAL",NA,"FALSE",NA,NA
"LEKI2","LEKI2","Leucopoa kingii","Leucopoa kingii","NonNoxPerenGrassCover ","NONWOODY","GRAMINOID","PERENNIAL","NATIVE","FALSE","C3",NA
"FETH","FETH","Festuca thurberi","Festuca thurberi","NonNoxPerenGrassCover ","NONWOODY","GRAMINOID","PERENNIAL","NATIVE","FALSE","C3",NA
"AF06050","AF06050",NA,NA,"NonNoxAnnForbCover ","NONWOODY","FORB","ANNUAL",NA,"FALSE",NA,NA
"CARO2","CARO2","Campanula rotundifolia","Campanula rotundifolia","NonNoxPerenForbCover ","NONWOODY","FORB","PERENNIAL","NATIVE","FALSE",NA,NA
"IRMI","IRMI","Iris missouriensis","Iris missouriensis","NonNoxPerenForbCover ","NONWOODY","FORB","PERENNIAL","NATIVE","FALSE",NA,NA
"RIIN2","RIIN2","Ribes inerme","Ribes inerme","NonNoxShrubCover ","WOODY","SHRUB","PERENNIAL","NATIVE","FALSE",NA,NA
"NAVI4","NAVI4","Nassella viridula","Nassella viridula","NonNoxPerenGrassCover ","NONWOODY","GRAMINOID","PERENNIAL","NATIVE","FALSE","C3",NA
"ORHU2","CRHU2","Cryptantha humilis","Oreocarya humilis","NonNoxAnnForbCover ","NONWOODY","FORB","ANNUAL","NATIVE","FALSE",NA,NA
"CIVU","CIVU","Cirsium vulgare","Cirsium vulgare","NoxAnnForbCover ","NONWOODY","FORB","ANNUAL","INTRODUCED","TRUE",NA,NA
"MIOX","MIOX","Mirabilis oxybaphoides","Mirabilis oxybaphoides","NonNoxPerenForbCover ","NONWOODY","FORB","PERENNIAL","NATIVE","FALSE",NA,NA
"ASLE8","ASLE8","Astragalus lentiginosus","Astragalus lentiginosus","NonNoxAnnForbCover ","NONWOODY","FORB","ANNUAL","NATIVE","FALSE",NA,NA
"STAL2","STAL2","Stanleya albescens","Stanleya albescens","NonNoxPerenForbCover ","NONWOODY","FORB","PERENNIAL","NATIVE","FALSE",NA,NA
"PF06001","PF06001",NA,NA,"NonNoxPerenForbCover ","NONWOODY","FORB","PERENNIAL",NA,"FALSE",NA,NA
"THLA4","THLA4","Thelypodium laxiflorum","Thelypodium laxiflorum","NonNoxPerenForbCover ","NONWOODY","FORB","PERENNIAL","NATIVE","FALSE",NA,NA
"ORPU2","ORPU2","Orthocarpus purpureoalbus","Orthocarpus purpureoalbus","NonNoxAnnForbCover ","NONWOODY","FORB","ANNUAL","NATIVE","FALSE",NA,NA
"DICA18","MACA2","Machaeranthera canescens","Dieteria canescens","NonNoxPerenForbCover ","NONWOODY","FORB","PERENNIAL","NATIVE","FALSE",NA,NA
"ERPU2","ERPU2","Erigeron pumilus","Erigeron pumilus","NonNoxPerenForbCover ","NONWOODY","FORB","PERENNIAL","NATIVE","FALSE",NA,NA
"THIN6","THIN6","Thinopyrum intermedium","Thinopyrum intermedium","NoxPerenGrassCover ","NONWOODY","GRAMINOID","PERENNIAL","INTRODUCED","TRUE","C3",NA
"BAHI2","BAHOH2","Balsamorhiza hookeri var. hispidula","Balsamorhiza hispidula","NonNoxPerenForbCover ","NONWOODY","FORB","PERENNIAL","NATIVE","FALSE",NA,NA
"ASMI10","ASMI10","Astragalus missouriensis","Astragalus missouriensis","NonNoxPerenForbCover ","NONWOODY","FORB","PERENNIAL","NATIVE","FALSE",NA,NA
"OXPA2","OXPA2","Oxytropis parryi","Oxytropis parryi","NonNoxPerenForbCover ","NONWOODY","FORB","PERENNIAL","NATIVE","FALSE",NA,NA
"DEPIB","DEPIB","Descurainia pinnata ssp. brachycarpa","Descurainia pinnata ssp. brachycarpa","NonNoxAnnForbCover ","NONWOODY","FORB","ANNUAL","NATIVE","FALSE",NA,NA
"MIGR","MIGR","Microsteris gracilis","Microsteris gracilis","NonNoxAnnForbCover ","NONWOODY","FORB","ANNUAL","NATIVE","FALSE",NA,NA
"PF06000","PF06000",NA,NA,"NonNoxPerenForbCover ","NONWOODY","FORB","PERENNIAL",NA,"FALSE",NA,NA
"PLINO","PLINO","Platyschkuhria integrifolia var. oblongifolia","Platyschkuhria integrifolia var. oblongifolia","NonNoxPerenForbCover ","NONWOODY","FORB","PERENNIAL","NATIVE","FALSE",NA,NA
"PODE3","PODE3","Populus deltoides","Populus deltoides","NonNoxTreeCover ","WOODY","TREE","PERENNIAL","NATIVE","FALSE",NA,NA
"SILI7","SCLI12","Schoenocrambe linearifolia","Hesperidanthus linearifolius","NonNoxPerenForbCover ","NONWOODY","FORB","PERENNIAL","NATIVE","FALSE",NA,NA
"ERINI4","ERIN4","Eriogonum inflatum","Eriogonum inflatum","NonNoxAnnForbCover ","NONWOODY","FORB","ANNUAL","NATIVE","FALSE",NA,NA
"CASCS4","CASCS4","Castilleja scabrida var. scabrida","Castilleja scabrida var. scabrida","NonNoxPerenForbCover ","NONWOODY","FORB","PERENNIAL","NATIVE","FALSE",NA,NA
"ASMO10","ASMOC2","Astragalus monumentalis var. cottamii","Astragalus monumentalis var. cottamii","NonNoxPerenForbCover ","NONWOODY","FORB","PERENNIAL","NATIVE","FALSE",NA,NA
"ANRO3","ANRO3","Antennaria rosulata","Antennaria rosulata","NonNoxPerenForbCover ","NONWOODY","FORB","PERENNIAL","NATIVE","FALSE",NA,NA
"HELIA","HELIA",NA,NA,"NonNoxPerenForbCover ","NONWOODY","FORB","PERENNIAL",NA,"FALSE",NA,NA
"ELLA3","ELLA3","Elymus lanceolatus","Elymus lanceolatus","NonNoxPerenGrassCover ","NONWOODY","GRAMINOID","PERENNIAL","NATIVE","FALSE","C3",NA
"NIAT","NIAT","Nicotiana attenuata","Nicotiana attenuata","NonNoxAnnForbCover ","NONWOODY","FORB","ANNUAL","NATIVE","FALSE",NA,NA
"ARPA6","ARPA6","Arctostaphylos patula","Arctostaphylos patula","NonNoxShrubCover ","WOODY","SHRUB","PERENNIAL","NATIVE","FALSE",NA,"RESPROUT"
"DRSP","DRSP","Draba spectabilis","Draba spectabilis","NonNoxPerenForbCover ","NONWOODY","FORB","PERENNIAL","NATIVE","FALSE",NA,NA
"ERUT","ERUT","Erigeron utahensis","Erigeron utahensis","NonNoxPerenForbCover ","NONWOODY","FORB","PERENNIAL","NATIVE","FALSE",NA,NA
"ASCO8","ASCO8","Astragalus coltonii","Astragalus coltonii","NonNoxPerenForbCover ","NONWOODY","FORB","PERENNIAL","NATIVE","FALSE",NA,NA
"ASDE3","ASDE3","Astragalus desperatus","Astragalus desperatus","NonNoxPerenForbCover ","NONWOODY","FORB","PERENNIAL","NATIVE","FALSE",NA,NA
"SH06001","SH06001",NA,NA,"NonNoxShrubCover ","WOODY","SHRUB","PERENNIAL",NA,"FALSE",NA,NA
"LUKI","LUKI","Lupinus kingii","Lupinus kingii","NonNoxAnnForbCover ","NONWOODY","FORB","ANNUAL","NATIVE","FALSE",NA,NA
"SEAT","SEAT","Senecio atratus","Senecio atratus","NonNoxPerenForbCover ","NONWOODY","FORB","PERENNIAL","NATIVE","FALSE",NA,NA
"ORAL","ORAL","Oreoxis alpina","Cymopterus alpinus","NonNoxPerenForbCover ","NONWOODY","FORB","PERENNIAL","NATIVE","FALSE",NA,NA
"CHER","CHERN","Chamaerhodos erecta ssp. nuttallii","Chamaerhodos erecta var. parviflora","NonNoxPerenForbCover ","NONWOODY","FORB","PERENNIAL","NATIVE","FALSE",NA,NA
"POTR","POTR","Poa tracyi","Poa tracyi","NonNoxPerenGrassCover ","NONWOODY","GRAMINOID","PERENNIAL","NATIVE","FALSE","C3",NA
"SHCA","SHCA","Shepherdia canadensis","Shepherdia canadensis","NonNoxShrubCover ","WOODY","SHRUB","PERENNIAL","NATIVE","FALSE",NA,NA
"VAMY2","VAMY2","Vaccinium myrtillus","Vaccinium myrtillus","NonNoxShrubCover ","WOODY","SHRUB","PERENNIAL","NATIVE","FALSE",NA,NA
"SAMI15","SARAR3","Sambucus racemosa var. racemosa","Sambucus racemosa var. microbotrys","NonNoxShrubCover ","WOODY","SHRUB","PERENNIAL","NATIVE","FALSE",NA,NA
"COSE16","COSES","Cornus sericea ssp. sericea","Cornus sericea ssp. sericea","NonNoxShrubCover ","WOODY","SHRUB","PERENNIAL","NATIVE","FALSE",NA,NA
"CALE4","CALE4","Caltha leptosepala","Caltha leptosepala","NonNoxPerenForbCover ","NONWOODY","FORB","PERENNIAL","NATIVE","FALSE",NA,NA
"ACNE2","ACNE2","Acer negundo","Acer negundo","NonNoxTreeCover ","WOODY","TREE","PERENNIAL","NATIVE","FALSE",NA,NA
"PHRE3","ILRI","Iliamna rivularis","Iliamna rivularis","NonNoxPerenForbCover ","NONWOODY","FORB","PERENNIAL","NATIVE","FALSE",NA,NA
"FOPU2","FOPU2","Forestiera pubescens","Forestiera pubescens","NonNoxShrubCover ","WOODY","SHRUB","PERENNIAL","NATIVE","FALSE",NA,"RESPROUT"
"PLIND","PLIND","Platyschkuhria integrifolia var. desertorum","Platyschkuhria integrifolia var. desertorum","NonNoxPerenForbCover ","NONWOODY","FORB","PERENNIAL","NATIVE","FALSE",NA,NA
"TRSP2","TRSP2","Trisetum spicatum","Trisetum spicatum","NonNoxPerenGrassCover ","NONWOODY","GRAMINOID","PERENNIAL","NATIVE","FALSE","C3",NA
"PSBA2","PSBA2","Psilostrophe bakeri","Psilostrophe bakeri","NonNoxPerenForbCover ","NONWOODY","FORB","PERENNIAL","NATIVE","FALSE",NA,NA
"STPA4","STPA4","Stephanomeria pauciflora","Stephanomeria pauciflora","NonNoxPerenForbCover ","NONWOODY","FORB","PERENNIAL","NATIVE","FALSE",NA,NA
"ASSU2","ASSU2","Asclepias subverticillata","Asclepias subverticillata","NonNoxPerenForbCover ","NONWOODY","FORB","PERENNIAL","NATIVE","FALSE",NA,NA
"CIUN","CIUN","Cirsium undulatum","Cirsium undulatum","NonNoxPerenForbCover ","NONWOODY","FORB","PERENNIAL","NATIVE","FALSE",NA,NA
"SCPA9","SCPA9","Sclerocactus parviflorus","Sclerocactus parviflorus","NonNoxShrubCover ","WOODY","SHRUB","PERENNIAL","NATIVE","FALSE",NA,NA
"ERIN7","ERIN7","Erysimum inconspicuum","Erysimum inconspicuum","NonNoxPerenForbCover ","NONWOODY","FORB","PERENNIAL","NATIVE","FALSE",NA,NA
"ERFL4","ERFLF","Eriogonum flavum var. flavum","Eriogonum flavum var. flavum","NonNoxPerenForbCover ","NONWOODY","FORB","PERENNIAL","NATIVE","FALSE",NA,NA
"POAN3","POAN3","Populus angustifolia","Populus angustifolia","NonNoxTreeCover ","WOODY","TREE","PERENNIAL","NATIVE","FALSE",NA,NA
"TORY","TORY","Toxicodendron rydbergii","Toxicodendron rydbergii","NonNoxShrubCover ","WOODY","SHRUB","PERENNIAL","NATIVE","FALSE",NA,"RESPROUT"
"ERDI13","ERCO14","Eriogonum corymbosum","Eriogonum corymbosum","NonNoxSubShrubCover ","WOODY","SUBSHRUB","PERENNIAL","NATIVE","FALSE",NA,NA
"POOL","POOL","Portulaca oleracea","Portulaca oleracea","NoxAnnForbCover ","NONWOODY","FORB","ANNUAL","INTRODUCED","TRUE",NA,NA
"GUMI","GUMI","Gutierrezia microcephala","Gutierrezia microcephala","NonNoxSubShrubCover ","WOODY","SUBSHRUB","PERENNIAL","NATIVE","FALSE",NA,"NON-RESPROUT"
"STPIP","STPIP","Stanleya pinnata var. pinnata","Stanleya pinnata var. pinnata","NonNoxSubShrubCover ","WOODY","SUBSHRUB","PERENNIAL","NATIVE","FALSE",NA,NA
"GRSQS2","GRSQS2","Grindelia squarrosa var. squarrosa","Grindelia squarrosa var. squarrosa","NonNoxAnnForbCover ","NONWOODY","FORB","ANNUAL","NATIVE","FALSE",NA,NA
"BRTEG","BRTE","Bromus tectorum","Bromus tectorum","NoxAnnGrassCover ","NONWOODY","GRAMINOID","ANNUAL","INTRODUCED","TRUE",NA,NA
"TYLA","TYLA","Typha latifolia","Typha latifolia","NonNoxPerenForbCover ","NONWOODY","FORB","PERENNIAL","NATIVE","FALSE","C3",NA
"SOAR2","SOAR2","Sonchus arvensis","Sonchus arvensis","NoxPerenForbCover ","NONWOODY","FORB","PERENNIAL","INTRODUCED","TRUE",NA,NA
"SAGE2","SAGE2","Salix geyeriana","Salix geyeriana","NonNoxShrubCover ","WOODY","SHRUB","PERENNIAL","NATIVE","FALSE",NA,NA
"POAR3","POAR3","Poa arida","Poa arida","NonNoxPerenGrassCover ","NONWOODY","GRAMINOID","PERENNIAL","NATIVE","FALSE","C3",NA
"ASCH4","ASCHC2","Astragalus chamaeleuce var. chamaeleuce","Astragalus chamaeleuce var. chamaeleuce","NonNoxPerenForbCover ","NONWOODY","FORB","PERENNIAL","NATIVE","FALSE",NA,NA
"BRMI","BRMIS","Brickellia microphylla var. scabra","Brickellia microphylla var. scabra","NonNoxShrubCover ","WOODY","SHRUB","PERENNIAL","NATIVE","FALSE",NA,"NON-RESPROUT"
"BOER4","BOER4","Bouteloua eriopoda","Bouteloua eriopoda","NonNoxPerenGrassCover ","NONWOODY","GRAMINOID","PERENNIAL","NATIVE","FALSE","C4",NA
"ARPU2","ARPU2",NA,NA,"NonNoxPerenForbCover ","NONWOODY","FORB","PERENNIAL",NA,"FALSE",NA,NA
"PAWE4","PAWE4","Packera werneriifolia","Packera werneriifolia","NonNoxPerenForbCover ","NONWOODY","FORB","PERENNIAL","NATIVE","FALSE",NA,NA
"PIMI7","PIMI7","Piptatherum micranthum","Piptatherum micranthum","NonNoxPerenGrassCover ","NONWOODY","GRAMINOID","PERENNIAL","NATIVE","FALSE","C3",NA
"AG06001","AG06001",NA,NA,"NonNoxAnnGrassCover ","NONWOODY","GRAMINOID","ANNUAL",NA,"FALSE",NA,NA
"AMDI5","BADI","Bahia dissecta","Bahia dissecta","NonNoxPerenForbCover ","NONWOODY","FORB","PERENNIAL","NATIVE","FALSE",NA,NA
"SARA3","SARA3",NA,NA,"NonNoxPerenGrassCover ","NONWOODY","GRAMINOID","PERENNIAL",NA,"FALSE","C4",NA
"CELE3","CELE3","Cercocarpus ledifolius","Cercocarpus ledifolius","NonNoxShrubCover ","WOODY","SHRUB","PERENNIAL","NATIVE","FALSE",NA,"NON-RESPROUT"
"AMRE","AMRE","Amaranthus retroflexus","Amaranthus retroflexus","NonNoxAnnForbCover ","NONWOODY","FORB","ANNUAL","NATIVE","FALSE",NA,NA
"LODI","LODIM","Lomatium dissectum var. multifidum","Lomatium dissectum var. eatonii","NonNoxPerenForbCover ","NONWOODY","FORB","PERENNIAL","NATIVE","FALSE",NA,NA
"BREU","BREU","Brickellia eupatorioides","Brickellia eupatorioides","NonNoxPerenForbCover ","NONWOODY","FORB","PERENNIAL","NATIVE","FALSE",NA,NA
"OPFRF","OPFR","Opuntia fragilis","Opuntia fragilis","NonNoxSucculentCover ","WOODY","SUCCULENT","PERENNIAL","NATIVE","FALSE",NA,NA
"PHLEU","PHLEU",NA,NA,"NonNoxPerenGrassCover ","NONWOODY","GRAMINOID","PERENNIAL",NA,"FALSE","C3",NA
"GATR2","GATRS2","Galium trifidum ssp. subbiflorum","Galium trifidum ssp. subbiflorum","NonNoxPerenForbCover ","NONWOODY","FORB","PERENNIAL","NATIVE","FALSE",NA,NA
"POPU9","POPU9","Potentilla pulcherrima","Potentilla pulcherrima","NonNoxPerenForbCover ","NONWOODY","FORB","PERENNIAL","NATIVE","FALSE",NA,NA
"POAR7","POAR7","Potentilla arguta","Potentilla arguta","NonNoxPerenForbCover ","NONWOODY","FORB","PERENNIAL","NATIVE","FALSE",NA,NA
"CLHI","CLHI","Clematis hirsutissima","Clematis hirsutissima","NonNoxPerenForbCover ","NONWOODY","FORB","PERENNIAL","NATIVE","FALSE",NA,NA
"CANE2","CANE2","Carex nebrascensis","Carex nebrascensis","NonNoxPerenGrassCover ","NONWOODY","GRAMINOID","PERENNIAL","NATIVE","FALSE","C3",NA
"CEFE","CEFE","Ceanothus fendleri","Ceanothus fendleri","NonNoxShrubCover ","WOODY","SHRUB","PERENNIAL","NATIVE","FALSE",NA,"RESPROUT"
"ERMIL5","ERMIL2","Eriogonum microthecum var. laxiflorum","Eriogonum microthecum var. laxiflorum","NonNoxSubShrubCover ","WOODY","SUBSHRUB","PERENNIAL","NATIVE","FALSE",NA,NA
"ASPUP7","ASPUP7","Astragalus purshii var. purshii","Astragalus purshii var. purshii","NonNoxPerenForbCover ","NONWOODY","FORB","PERENNIAL","NATIVE","FALSE",NA,NA
